dim1,dim2,label
16.375488,43.237946,1
36.466167,3.2499013,1
-11.868715,10.50787,1
68.111,65.31544,1
48.90493,-62.492516,1
17.144266,43.310333,1
40.984264,3.3133276,1
-7.665649,42.661804,1
41.193016,76.94794,1
13.709933,-66.659706,1
19.992886,5.896325,1
17.791594,43.092278,1
-2.2376108,42.895046,1
21.538465,88.18324,1
32.123226,-78.060616,1
29.000244,43.61052,1
48.61209,58.903202,1
83.072296,-50.578888,1
28.841944,43.913403,1
87.78352,30.444597,1
77.15542,-26.997139,1
56.345715,20.01038,1
70.301,44.667145,1
-2.3403323,-71.82054,1
41.91235,33.815403,1
55.989307,-48.133984,1
28.50878,43.232742,1
40.32974,6.2208576,1
68.111,65.31544,1
48.90493,-62.492516,1
56.37954,19.868488,1
16.974045,43.156555,1
4.7204623,13.562496,1
41.193016,76.94794,1
13.709933,-66.659706,1
28.853941,43.27886,1
48.64935,10.067723,1
-36.3479,32.156185,1
21.538465,88.18324,1
32.123226,-78.060616,1
28.949091,43.602413,1
-17.07519,35.583294,1
48.61209,58.903202,1
75.37251,-54.28018,1
28.809385,43.916924,1
50.13209,9.296396,1
18.838558,-6.2485614,1
87.78352,30.444597,1
77.15542,-26.997139,1
-27.612432,-25.257006,1
68.13813,44.727516,1
-3.9515305,-73.110565,1
-50.32215,-24.896704,1
41.366936,33.46945,1
55.989307,-48.133984,1
19.27615,42.866444,1
50.546307,9.691877,1
-18.382465,42.813004,1
-7.997632,47.222305,1
48.90493,-62.492516,1
28.810879,43.05417,1
35.973988,2.3796108,1
-12.7414465,35.299603,1
41.193016,76.94794,1
14.083181,-66.519684,1
28.866817,43.1272,1
3.4119208,12.704338,1
21.538465,88.18324,1
33.098408,-77.494545,1
28.643959,43.280334,1
41.39781,4.749091,1
-15.247231,6.318732,1
48.61209,58.903202,1
69.76201,-66.38751,1
56.365364,19.51629,1
28.645788,43.72996,1
-40.502426,-25.60035,1
87.78352,30.444597,1
77.15542,-26.997139,1
70.301,44.667145,1
78.73417,-24.910072,1
40.350876,33.55711,1
78.773834,-24.7796,1
-40.721867,-24.701498,1
68.111,65.31544,1
82.40009,-17.116562,1
-39.66857,-20.41068,1
41.193016,76.94794,1
83.24395,-15.744198,1
55.89315,19.754827,1
59.070625,20.68258,1
-33.447475,-11.875919,1
21.538465,88.18324,1
83.77178,-13.222756,1
1.0376233,44.068783,1
48.61209,58.903202,1
83.41091,-12.713563,1
55.606457,19.357094,1
-27.508282,-10.317816,1
87.78352,30.444597,1
84.83952,-7.4652286,1
70.301,44.667145,1
81.50759,-14.452119,1
-8.439748,-23.945871,1
41.01778,33.019028,1
81.400856,-15.875505,1
68.111,65.31544,1
83.91135,-13.594958,1
55.906853,19.289583,1
58.621094,21.282774,1
-14.421911,-3.2514057,1
41.193016,76.94794,1
86.20694,-10.776651,1
55.0361,18.194736,1
-14.577112,14.289206,1
68.111,65.31544,1
87.10371,-9.88821,1
-18.85906,9.800856,1
-2.3750093,9.907362,1
-12.864437,7.9419556,1
49.413574,56.650055,1
87.174484,-7.0940113,1
6.199315,13.688457,1
11.4909725,14.322475,1
87.78352,30.444597,1
87.959404,-5.348594,1
4.7670827,15.605459,1
69.40522,46.37565,1
83.411064,-7.943322,1
-5.305817,-39.808094,1
9.460378,13.7648535,1
43.208794,45.50405,1
81.07467,-14.434266,1
3.278956,17.415348,1
1.676329,-15.331661,1
-1.9981585,-7.0281715,1
14.960583,57.622322,1
-13.757163,0.54764736,1
68.111,65.31544,1
84.46531,-12.441926,1
54.945633,18.165222,1
0.6950162,-3.8207104,1
11.566997,-40.593174,1
1.3027083,62.17646,1
58.749123,21.9785,1
-23.628092,28.023859,1
56.39959,40.896114,1
82.86909,-14.152193,1
-13.813799,14.173635,1
4.224596,4.930337,1
3.365006,44.638405,1
55.25484,17.76239,1
-22.22818,11.782908,1
21.538465,88.18324,1
84.3407,-13.025605,1
1.7193556,17.912256,1
-0.09017083,-1.9189011,1
-12.65803,71.37087,1
0.29624328,-3.2663767,1
50.14594,54.589672,1
84.05377,-12.010551,1
3.51158,-3.8074653,1
39.72653,-26.936768,1
-4.155778,30.071905,1
4.0611,-0.5426094,1
87.78352,30.444597,1
85.198166,-7.455159,1
19.498566,27.040342,1
-35.96532,-17.559738,1
70.301,44.667145,1
81.19859,-16.231066,1
-3.6457188,-27.520914,1
5.8270364,22.924538,1
-56.494343,-23.028545,1
41.644745,33.102997,1
81.22893,-16.80687,1
-17.92815,34.626926,1
15.080615,58.222717,1
-7.3469706,-14.063187,1
68.111,65.31544,1
82.841774,-15.748275,1
1.2525505,61.63572,1
-45.586037,-23.048199,1
41.193016,76.94794,1
83.55843,-14.836044,1
27.75697,43.004063,1
-27.102703,-37.084095,1
3.365006,44.638405,1
-3.8084376,44.510143,1
21.538465,88.18324,1
84.00054,-14.454358,1
3.0499349,17.13613,1
-16.61441,35.88759,1
39.819633,-1.0672876,1
-11.067644,72.34821,1
-22.055456,28.122437,1
48.61209,58.903202,1
84.0827,-11.393362,1
-39.405697,-20.080385,1
55.154064,1.9848002,1
-4.235168,30.283169,1
-19.018995,-28.604652,1
87.78352,30.444597,1
84.64409,-7.2883587,1
20.169424,26.57399,1
-35.953884,-20.50696,1
70.301,44.667145,1
81.50377,-13.49179,1
6.9369454,23.692236,1
-56.061874,-23.457342,1
41.91235,33.815403,1
81.33297,-15.34209,1
16.082169,57.890755,1
-56.359795,-21.801523,1
68.111,65.31544,1
83.16645,-14.56435,1
-31.06075,5.667139,1
1.8206712,61.22018,1
-3.9577336,45.43281,1
41.193016,76.94794,1
86.031,-11.220706,1
-8.588136,29.123407,1
4.078969,14.267109,1
-24.873957,-4.548185,1
-11.788991,9.865456,1
59.423134,22.931522,1
-20.895306,15.036229,1
21.538465,88.18324,1
84.41587,-12.200333,1
8.86771,0.7912839,1
-9.128831,5.383199,1
-10.357073,72.028496,1
58.63268,21.50075,1
-48.30502,-3.545522,1
48.61209,58.903202,1
84.39151,-11.011137,1
2.5952225,-2.4976869,1
-2.3940158,30.067942,1
-56.673584,-21.515074,1
87.78352,30.444597,1
84.66368,-7.459584,1
9.442117,1.2246277,1
20.266687,27.000158,1
-59.994766,-24.353237,1
70.301,44.667145,1
81.49395,-13.30004,1
7.352372,21.386625,1
-59.35504,-25.223555,1
41.905975,33.456135,1
81.39857,-15.551892,1
1.5285271,13.673252,1
26.072233,42.953342,1
2.6930015,-4.1483874,1
14.6126175,58.058285,1
-14.895783,-10.869936,1
68.111,65.31544,1
84.30344,-12.949717,1
3.8181417,16.157204,1
-14.154446,-19.584023,1
0.5527992,61.468594,1
-65.54646,-21.501877,1
41.193016,76.94794,1
82.2548,-14.986498,1
9.272285,13.515836,1
-20.112476,0.8616901,1
3.365006,44.638405,1
58.815998,22.194397,1
-56.78118,-14.603371,1
21.538465,88.18324,1
82.8308,-14.751371,1
7.797162,13.823564,1
-22.980412,32.30907,1
-11.97041,71.80635,1
59.322945,22.79705,1
-42.768948,-0.9641127,1
48.61209,58.903202,1
82.2853,-14.820145,1
-31.53898,-11.1251,1
10.859035,4.9562263,1
-32.171383,-8.93913,1
87.78352,30.444597,1
83.59713,-12.344094,1
19.456127,26.344622,1
70.301,44.667145,1
81.07162,-18.03821,1
7.882325,21.775923,1
40.630165,33.215065,1
78.91634,-24.30109,1
-21.986866,32.5365,1
50.117397,9.097582,1
16.172089,57.422108,1
-25.390888,13.127725,1
68.111,65.31544,1
81.91417,-17.616419,1
3.9411948,15.139297,1
26.621227,42.505257,1
-30.144089,-10.132825,1
1.493666,61.184692,1
-7.5312424,9.059863,1
41.193016,76.94794,1
82.86289,-16.607466,1
15.174229,-1.215983,1
8.247986,14.110025,1
13.808739,1.606725,1
3.6833172,45.41574,1
-27.254164,-25.000391,1
21.538465,88.18324,1
83.10738,-16.407045,1
-12.157107,-8.014009,1
10.09378,13.211925,1
26.702276,43.220406,1
-19.053213,30.144585,1
-11.97041,71.80635,1
59.45559,23.000055,1
-28.740288,-10.046985,1
48.61209,58.903202,1
86.289444,-10.558397,1
-15.176271,1.4266824,1
49.90987,7.530059,1
-2.8389122,30.058699,1
-27.943607,-10.042314,1
87.78352,30.444597,1
88.200294,-5.0315065,1
10.437959,-1.7564874,1
51.7012,-4.74108,1
20.337185,26.48865,1
-41.835735,-24.160261,1
70.301,44.667145,1
83.77441,-7.4591618,1
14.46687,-16.251904,1
23.076752,43.00501,1
-4.6082287,-22.52404,1
6.123479,22.353157,1
58.524895,22.207888,1
-55.525673,-23.895123,1
41.644745,33.102997,1
81.00156,-14.21931,1
13.064116,-18.284424,1
4.679241,15.603493,1
2.2938058,-13.296216,1
50.552635,-9.101841,1
16.770758,57.571224,1
-34.509785,34.608025,1
68.111,65.31544,1
84.8667,-11.763789,1
4.4003396,15.784659,1
-10.499969,47.14146,1
51.128773,-8.752536,1
1.5373782,60.561214,1
-10.98361,46.944942,1
41.193016,76.94794,1
86.79139,-9.7804365,1
8.788982,13.3558,1
16.52699,43.506252,1
-15.427517,-32.982742,1
56.810253,0.57741296,1
3.3515105,43.774654,1
-16.279861,37.74707,1
21.538465,88.18324,1
87.50656,-8.9934225,1
-26.820576,38.000366,1
3.9008057,15.516758,1
-20.271145,40.212456,1
-11.97041,71.80635,1
58.035202,22.056347,1
-25.330091,28.483665,1
48.61209,58.903202,1
87.86647,-6.3978586,1
3.2912416,17.247242,1
-21.331875,39.606167,1
50.200993,-7.7199163,1
-3.1158054,30.162264,1
16.867767,43.382378,1
87.78352,30.444597,1
88.23213,-4.961834,1
7.6471305,14.11759,1
21.526072,41.259937,1
-44.074604,-22.630932,1
19.456127,26.344622,1
17.05896,43.333096,1
70.301,44.667145,1
83.94016,-7.2373533,1
8.476009,13.563079,1
6.7817984,23.011724,1
16.402073,43.5362,1
51.84233,45.60621,1
80.98014,-13.6859,1
8.849204,13.9919615,1
21.084318,41.47389,1
-32.943985,-11.48141,1
49.7975,-6.821849,1
16.459126,57.412727,1
16.529425,43.550472,1
68.111,65.31544,1
85.31824,-10.93268,1
10.337557,13.513543,1
-35.23737,-21.087542,1
53.079388,-5.703866,1
1.2857195,60.60441,1
16.882803,43.50692,1
41.193016,76.94794,1
87.27131,-9.393847,1
10.310445,13.869864,1
-16.370043,38.751972,1
53.3591,-5.926541,1
3.365006,44.638405,1
37.712543,14.045118,1
21.538465,88.18324,1
87.4647,-8.34977,1
12.750099,-0.13615312,1
10.07252,14.197571,1
-36.268574,36.28061,1
-11.2380905,71.77783,1
48.61209,58.903202,1
87.96723,-6.1566978,1
12.093414,4.2686915,1
9.933069,14.34218,1
-27.909136,-13.712846,1
48.373814,-12.344235,1
-3.1823726,30.644463,1
87.78352,30.444597,1
54.382576,-48.475048,1
-3.8310294,43.448196,1
10.078826,13.640266,1
20.865767,43.427536,1
37.616398,15.186995,1
20.635675,27.341448,1
37.673595,15.422344,1
70.301,44.667145,1
83.73152,-7.47779,1
36.483883,-13.337001,1
10.868141,12.702726,1
-32.378162,-27.002304,1
6.367774,23.178127,1
15.900604,42.221554,1
40.173393,33.949852,1
81.00372,-13.930587,1
38.882133,-13.008907,1
12.009742,12.6112385,1
20.202393,42.758316,1
-48.6196,-25.721794,1
49.861786,-9.647109,1
15.631587,58.349728,1
-4.890566,43.438633,1
68.111,65.31544,1
85.1661,-11.321602,1
11.426154,12.108071,1
-55.739544,-24.650063,1
1.2525505,61.63572,1
16.027561,43.12114,1
41.193016,76.94794,1
86.69157,-9.920946,1
54.441353,16.593218,1
-32.520813,-38.038975,1
4.5744524,45.870155,1
-10.587611,51.039497,1
21.538465,88.18324,1
87.11294,-8.876016,1
11.688068,12.010947,1
-52.344864,-26.375221,1
-10.780063,71.46081,1
-13.239307,47.89975,1
48.61209,58.903202,1
87.82723,-6.3798122,1
-51.87769,-16.38171,1
48.10766,-12.6546755,1
-3.6544838,30.919071,1
87.78352,30.444597,1
88.26611,-5.02357,1
-53.310867,-12.39484,1
19.987192,27.7998,1
-9.756769,51.08056,1
70.301,44.667145,1
83.93098,-7.2973256,1
-53.202114,-11.874971,1
7.017051,21.431671,1
-10.12106,51.06957,1
41.01778,33.019028,1
80.97386,-13.668698,1
18.644608,42.96017,1
-57.623577,-7.008261,1
17.080128,57.707912,1
57.2755,21.437014,1
-22.485468,40.135956,1
68.111,65.31544,1
85.36146,-10.734355,1
18.827503,42.91903,1
-53.60358,-5.8513346,1
1.8539468,62.13071,1
53.835724,16.08587,1
-22.586227,43.35401,1
41.193016,76.94794,1
86.4121,-9.828055,1
12.164683,11.478085,1
22.629095,41.15033,1
44.754353,-13.296201,1
3.5188398,45.431454,1
21.538465,88.18324,1
86.67434,-9.312217,1
23.862125,41.662945,1
-12.65803,71.37087,1
-7.922756,50.358875,1
48.61209,58.903202,1
87.42087,-7.04793,1
-7.404487,50.509804,1
-3.82053,29.735636,1
-8.985178,51.0256,1
87.78352,30.444597,1
87.85452,-5.432624,1
-8.946505,51.406227,1
20.138391,27.561485,1
-9.420336,51.20673,1
70.301,44.667145,1
83.42342,-7.971056,1
7.608041,23.443245,1
37.425343,14.5342245,1
40.924324,34.291,1
81.091606,-14.716921,1
12.423053,10.925857,1
22.154024,41.760117,1
17.082735,59.393894,1
40.236874,4.642738,1
53.523148,18.12717,1
68.111,65.31544,1
84.25268,-12.556526,1
15.906671,43.823864,1
11.518101,10.79228,1
0.45375183,62.909504,1
54.32077,18.118624,1
41.193016,76.94794,1
86.23714,-10.713563,1
16.621021,43.888477,1
23.219233,41.10234,1
4.7316136,44.212048,1
45.148243,9.500892,1
21.538465,88.18324,1
86.928795,-9.835908,1
14.36819,42.323997,1
39.064117,0.11380755,1
-13.272394,72.749306,1
48.271133,8.75502,1
48.61209,58.903202,1
87.66021,-6.9255977,1
-16.631868,3.7637498,1
-1.3924115,30.573378,1
87.78352,30.444597,1
88.24494,-5.0925856,1
36.883884,10.946104,1
20.422373,27.995886,1
70.301,44.667145,1
83.93098,-7.2973256,1
7.597111,22.395252,1
41.91235,33.815403,1
80.977356,-13.8527975,1
15.99654,58.434498,1
68.111,65.31544,1
85.22975,-11.032036,1
3.178537,63.082596,1
56.39959,40.896114,1
87.20051,-9.433359,1
30.10912,-27.0037,1
4.5746713,42.97612,1
21.538465,88.18324,1
87.463585,-8.564929,1
-25.779594,-40.431923,1
-11.610158,72.79598,1
48.61209,58.903202,1
87.90909,-6.2681565,1
-21.169172,-41.463276,1
-4.1825147,31.560854,1
87.78352,30.444597,1
88.33161,-4.895239,1
-26.437782,-42.105846,1
21.05435,27.365517,1
70.301,44.667145,1
84.01679,-7.133008,1
-61.811867,-25.61341,1
7.9967422,22.451298,1
40.924324,34.291,1
80.9747,-13.589201,1
-63.74127,-22.463316,1
11.971126,10.901233,1
15.747556,57.796646,1
68.111,65.31544,1
85.36146,-10.734355,1
-66.51539,-21.379532,1
2.4115386,62.138424,1
41.193016,76.94794,1
87.051834,-9.085501,1
5.414503,45.536507,1
21.538465,88.18324,1
87.46469,-8.349768,1
-56.182537,-4.3181233,1
-12.627072,72.68402,1
48.61209,58.903202,1
87.96724,-6.156694,1
-59.12,-5.617123,1
25.956255,42.885532,1
-2.660468,31.132736,1
87.78352,30.444597,1
88.33161,-4.895239,1
-56.727097,-5.47814,1
21.3738,25.0684,1
70.301,44.667145,1
84.01679,-7.133008,1
-72.268486,-6.023696,1
7.025148,24.335018,1
41.01778,33.019028,1
80.9747,-13.589201,1
-72.31699,-6.0079412,1
37.25139,2.422476,1
17.082735,59.393894,1
22.570433,2.9338794,1
68.111,65.31544,1
85.36146,-10.734355,1
-72.866745,-16.311422,1
24.517641,41.43595,1
42.430668,2.763691,1
3.4658747,62.51895,1
54.958694,18.99588,1
41.193016,76.94794,1
87.051834,-9.085501,1
-71.54688,-10.493362,1
50.901314,-3.740419,1
5.0729203,43.192497,1
21.538465,88.18324,1
87.4647,-8.34977,1
-13.346352,46.30247,1
-12.873614,73.154144,1
48.61209,58.903202,1
89.011734,-4.0069175,1
-72.42912,-14.747397,1
-33.41097,5.7455025,1
15.939211,-13.518864,1
-3.0571985,32.316284,1
87.78352,30.444597,1
90.35342,-2.1301768,1
-72.278854,-14.039433,1
20.899607,28.137354,1
70.301,44.667145,1
89.83607,-2.6444101,1
-72.53018,-14.856601,1
6.689552,23.38985,1
40.924324,34.291,1
89.4176,-3.263358,1
-71.89337,-17.45401,1
24.157309,41.950134,1
-24.19046,-4.378758,1
47.42497,-0.7062197,1
17.082735,59.393894,1
68.111,65.31544,1
90.47329,-1.9043069,1
-4.5551624,-22.611313,1
55.138573,1.6659226,1
2.6140254,62.679394,1
41.193016,76.94794,1
90.89078,-1.6277385,1
-72.16195,-14.067254,1
12.483177,-31.393328,1
52.305492,-9.377057,1
5.3497076,44.26374,1
21.538465,88.18324,1
90.966515,-1.4145775,1
-72.31808,-12.896587,1
12.468349,11.906989,1
36.511654,-23.002335,1
-12.551214,73.78385,1
51.227367,12.561313,1
48.61209,58.903202,1
90.95461,-0.92086905,1
-71.03729,-10.820408,1
26.56851,43.2084,1
48.519722,-12.48138,1
-1.7173927,29.917435,1
87.78352,30.444597,1
90.8101,-0.56228614,1
-71.25931,-11.36668,1
23.863886,43.107796,1
21.614801,26.054667,1
70.301,44.667145,1
90.12946,-1.2423384,1
-72.57913,-15.410605,1
38.067303,-22.412647,1
8.19048,24.05254,1
40.924324,34.291,1
89.91185,-2.4021678,1
-72.37272,-17.352077,1
23.092388,42.012653,1
23.032898,-12.51107,1
34.811104,-24.326485,1
17.082735,59.393894,1
-15.1487055,40.10939,1
68.111,65.31544,1
90.33319,-1.7486128,1
-71.71815,-11.330082,1
12.480987,11.416289,1
13.631659,-36.68348,1
13.562177,-37.198906,1
0.8682319,63.428577,1
-20.731922,40.280254,1
41.193016,76.94794,1
90.46437,-1.3463962,1
-72.04232,-14.37785,1
33.40671,-27.815845,1
6.0941195,44.852562,1
21.538465,88.18324,1
90.9646,-1.3564895,1
-71.742195,-14.411107,1
36.850437,-23.569666,1
-12.500888,72.27746,1
48.61209,58.903202,1
90.5061,-0.8822703,1
11.560768,30.319473,1
17.245285,-27.077478,1
-3.0735312,31.293728,1
58.24352,18.9081,1
87.78352,30.444597,1
90.60511,-0.56276333,1
-67.15037,-6.0513735,1
21.793297,26.832174,1
70.301,44.667145,1
90.084114,-1.349618,1
-71.85532,-15.920703,1
22.093243,42.30908,1
7.908347,22.955181,1
58.259212,20.215563,1
41.366936,33.46945,1
89.89719,-2.4368598,1
-71.33269,-17.973042,1
26.230345,-15.819864,1
15.188125,60.065346,1
68.111,65.31544,1
90.410805,-1.814172,1
-73.56381,-8.687721,1
22.041138,41.41011,1
-35.107964,11.93308,1
32.983677,-10.917396,1
2.6140254,62.679394,1
41.193016,76.94794,1
90.886635,-1.6160024,1
-72.096245,-13.85725,1
22.181173,41.119038,1
49.543354,4.9121227,1
44.33961,-15.823605,1
5.3287125,44.959885,1
61.112747,13.255258,1
21.538465,88.18324,1
90.96767,-1.3979769,1
-15.06239,3.70732,1
34.114307,11.207358,1
23.172117,41.32878,1
-11.093143,73.92919,1
10.097647,-1.0226011,1
48.61209,58.903202,1
90.957115,-0.91475195,1
-67.38056,-6.279532,1
34.35873,7.9006886,1
48.01737,8.766216,1
-3.396121,30.28526,1
87.78352,30.444597,1
90.60511,-0.56276333,1
-10.178065,16.016472,1
21.54408,26.421963,1
70.301,44.667145,1
85.396904,-5.4643483,1
-73.98885,-15.198713,1
21.344133,42.095444,1
8.76712,22.725134,1
40.924324,34.291,1
80.616936,-16.701786,1
-73.534775,-15.682338,1
49.45705,12.366988,1
15.882259,59.29763,1
21.742775,4.7312202,1
68.111,65.31544,1
80.951744,-18.101725,1
-71.25363,-10.271191,1
0.60189146,62.350048,1
-20.675446,41.351685,1
41.193016,76.94794,1
78.68853,-25.032923,1
-71.402794,-11.403263,1
22.862612,41.006092,1
5.622027,43.28378,1
58.198612,22.085892,1
-41.503384,34.52864,1
21.538465,88.18324,1
33.204823,-78.69267,1
-71.22847,-11.272062,1
50.778225,9.2497225,1
-13.299221,72.39719,1
-41.440536,24.421469,1
48.61209,58.903202,1
69.76201,-66.38751,1
-67.50784,-6.300156,1
42.99787,-1.350895,1
-1.9439797,30.698112,1
87.78352,30.444597,1
77.15542,-26.997139,1
-67.5185,-6.3656154,1
20.711088,25.02301,1
33.27865,9.421894,1
70.301,44.667145,1
-3.9515305,-73.110565,1
7.275853,22.931187,1
40.924324,34.291,1
55.989307,-48.133984,1
-72.95765,-7.6304097,1
22.89528,41.538403,1
36.083164,-6.813039,1
38.3185,0.8454507,1
15.188125,60.065346,1
18.690662,2.6636248,1
68.111,65.31544,1
53.224606,-52.379093,1
-74.583595,-5.3115354,1
34.837593,-19.450274,1
3.178537,63.082596,1
30.31034,2.7901585,1
41.193016,76.94794,1
14.369825,-68.22082,1
-73.42806,-16.39921,1
35.438385,-22.76934,1
3.9039161,43.944077,1
21.538465,88.18324,1
33.204823,-78.69267,1
-72.57373,-12.731195,1
26.08796,42.347305,1
-32.135128,26.598259,1
-10.463498,72.379166,1
56.940426,20.840199,1
48.61209,58.903202,1
76.842606,-61.207207,1
-72.35917,-12.722947,1
31.143127,-25.15429,1
-1.396095,31.007902,1
87.78352,30.444597,1
77.15542,-26.997139,1
-70.82268,-10.823793,1
20.903318,25.080996,1
70.301,44.667145,1
-3.132285,-71.28554,1
7.246789,22.318298,1
40.641365,33.215416,1
55.989307,-48.133984,1
24.437243,41.93989,1
26.640324,-23.032265,1
42.849083,1.4730555,1
15.012079,58.98498,1
68.111,65.31544,1
48.90493,-62.492516,1
-47.107983,13.580714,1
13.286961,11.455614,1
31.598639,-18.370165,1
49.8086,-6.526632,1
2.770722,63.45389,1
41.193016,76.94794,1
14.733342,-67.91723,1
-55.53903,-5.5978847,1
-16.948725,32.102272,1
5.1332855,43.03293,1
21.538465,88.18324,1
53.22097,-52.382652,1
-37.823143,-14.523326,1
10.986259,3.3348103,1
26.800344,42.721954,1
10.986259,3.3348734,1
-37.081852,15.666957,1
48.61209,58.903202,1
69.76201,-66.38751,1
-39.28245,-23.21138,1
8.608778,13.717918,1
26.805744,43.43731,1
41.825363,-26.619783,1
-4.330395,31.228949,1
50.251522,11.024809,1
87.78352,30.444597,1
77.15542,-26.997139,1
-28.489307,-15.556233,1
8.345557,13.695476,1
21.34987,26.820675,1
56.356197,20.162046,1
70.301,44.667145,1
-3.132285,-71.28554,1
-52.12144,-23.976164,1
10.375688,12.877313,1
8.032408,22.656288,1
40.350876,33.55711,1
55.989307,-48.133984,1
-57.953587,-26.22188,1
6.869906,13.954118,1
23.031115,42.379295,1
42.095013,3.7814167,1
10.011476,-37.75214,1
16.185787,60.250732,1
46.618874,1.0208588,1
32.48892,11.021393,1
68.111,65.31544,1
48.08712,-64.18112,1
-53.17029,-1.3762224,1
10.181921,13.178828,1
-3.605823,40.255527,1
2.3385253,61.798622,1
-3.7503629,40.371437,1
41.193016,76.94794,1
53.223694,-52.38055,1
-51.039387,-2.2440853,1
11.623335,12.31785,1
43.87214,-0.93942463,1
18.352312,-40.06777,1
5.86805,43.99745,1
34.665264,8.778696,1
21.538465,88.18324,1
33.204823,-78.69267,1
-44.115864,-0.4404845,1
56.4717,1.5284742,1
-10.544454,73.550575,1
49.31686,2.6466124,1
48.61209,58.903202,1
75.37251,-54.28018,1
-31.647905,6.5125537,1
37.74491,-25.55455,1
-3.6409729,31.249208,1
45.43325,-9.104835,1
87.78352,30.444597,1
77.15542,-26.997139,1
-31.155344,-11.928009,1
22.02696,27.691387,1
40.693214,-24.765028,1
96.228134,16.001017,1
-3.132285,-71.28554,1
-50.016724,-24.865528,1
22.367298,42.554188,1
5.998834,23.629148,1
21.470905,3.1668823,1
40.924324,34.291,1
56.43851,-48.873985,1
-60.985233,-25.883936,1
48.388336,8.193749,1
18.717705,-26.992266,1
15.882259,59.29763,1
43.476227,-9.637389,1
68.111,65.31544,1
47.814804,-62.316067,1
-45.434555,-12.87514,1
12.600813,11.822654,1
11.948905,-36.82261,1
2.8097072,61.770363,1
61.293514,13.160524,1
-8.715039,28.926895,1
41.193016,76.94794,1
13.460539,-67.7893,1
-57.29022,-20.742613,1
49.362484,8.318453,1
30.069756,2.3260405,1
4.461206,45.190502,1
59.17404,18.34865,1
21.538465,88.18324,1
33.204823,-78.69267,1
-55.905827,-14.450781,1
11.390429,11.808493,1
32.46669,2.3689828,1
-11.32363,73.119644,1
58.583767,19.912739,1
48.61209,58.903202,1
76.842606,-61.207207,1
-46.804947,-14.649013,1
18.304039,-40.049274,1
-1.4388963,31.283045,1
57.520576,20.242218,1
87.78352,30.444597,1
77.15542,-26.997139,1
-35.19419,-13.006733,1
21.327839,25.656124,1
55.21457,19.397734,1
70.301,44.667145,1
-3.132285,-71.28554,1
-56.930737,-21.223976,1
6.4935946,22.709854,1
54.493473,16.500057,1
41.366936,33.46945,1
56.276928,-47.26025,1
-63.08439,-23.417664,1
13.031221,11.10953,1
23.722534,41.64221,1
33.365967,2.1716344,1
15.703984,-26.541204,1
15.263985,57.516014,1
59.772205,14.34833,1
33.45292,9.119144,1
68.111,65.31544,1
48.90493,-62.492516,1
-47.55333,-3.5565834,1
36.29587,-25.148603,1
1.2756946,62.911583,1
61.595055,11.430511,1
41.193016,76.94794,1
13.036912,-67.03992,1
-33.730896,6.016572,1
12.31148,11.015643,1
32.021225,1.3485082,1
44.70907,-13.8315735,1
6.1923246,44.244583,1
21.538465,88.18324,1
33.204823,-78.69267,1
-34.31328,5.2318163,1
25.856209,42.31951,1
46.487873,-0.31492934,1
-10.596098,73.20827,1
57.356976,12.087836,1
48.61209,58.903202,1
76.842606,-61.207207,1
-31.359365,-9.152409,1
47.240807,-14.711416,1
50.361084,-5.3549695,1
-3.0829608,31.731457,1
47.036247,12.508165,1
25.801552,1.6969624,1
87.78352,30.444597,1
77.15542,-26.997139,1
-28.775063,-2.2698479,1
20.755802,26.452477,1
70.301,44.667145,1
-3.132285,-71.28554,1
7.9162097,23.520573,1
40.350876,33.55711,1
55.989307,-48.133984,1
-49.22462,-17.130342,1
23.6819,41.94278,1
51.75569,-5.2753215,1
45.26803,-14.14283,1
15.936822,60.303104,1
61.198383,11.786171,1
68.111,65.31544,1
47.814804,-62.316067,1
-32.118744,5.6458936,1
24.65031,42.18985,1
53.478363,-9.080223,1
46.052467,-1.224718,1
0.78777105,63.285946,1
10.742237,-4.4385877,1
28.626894,1.7004242,1
41.193016,76.94794,1
14.31266,-67.44626,1
-34.465137,4.749274,1
50.866287,-4.7974353,1
3.9686778,45.686172,1
44.516308,9.425175,1
21.538465,88.18324,1
33.098408,-77.494545,1
-33.616905,-16.77285,1
58.11416,-0.73889756,1
-13.064888,71.74526,1
-15.781012,9.880121,1
48.61209,58.903202,1
75.37251,-54.28018,1
-28.057966,-8.696707,1
34.27117,8.169688,1
52.31088,-5.434783,1
-3.39822,29.357512,1
12.795662,-14.483172,1
87.78352,30.444597,1
78.29928,-27.526903,1
-39.555637,-23.755342,1
22.302298,27.38891,1
13.104063,-14.64567,1
70.301,44.667145,1
-2.3403323,-71.82054,1
-23.051035,42.210495,1
41.787003,34.41077,1
56.276928,-47.26025,1
-48.96715,-25.84048,1
12.543981,11.12135,1
23.90864,42.24855,1
16.597187,58.426926,1
61.977192,12.901409,1
44.31595,9.351008,1
68.111,65.31544,1
48.90493,-62.492516,1
-52.72884,-12.985007,1
56.725227,0.47441065,1
1.4206591,62.475098,1
61.290882,12.42409,1
41.193016,76.94794,1
14.733342,-67.91723,1
-65.38837,-7.751889,1
28.592014,1.9595274,1
40.108574,-0.61078984,1
58.690926,2.7459712,1
5.6285005,43.451862,1
58.50384,7.712879,1
41.309998,4.3961306,1
21.538465,88.18324,1
33.204823,-78.69267,1
-64.31252,-19.886957,1
-10.905866,73.81172,1
27.955597,-37.511166,1
48.61209,58.903202,1
69.49873,-58.271137,1
-66.18935,-21.213638,1
46.9362,-12.637575,1
59.011547,3.108257,1
-2.2586591,32.214138,1
40.688866,-25.233614,1
87.78352,30.444597,1
77.15542,-26.997139,1
-73.50487,-7.9241934,1
21.132193,26.942238,1
70.301,44.667145,1
-3.132285,-71.28554,1
-68.84456,-19.419775,1
22.720812,42.598984,1
7.7457175,24.27656,1
10.15434,-30.239187,1
40.924324,34.291,1
55.989307,-48.133984,1
-69.08296,-19.209352,1
59.027386,3.4631972,1
15.080615,58.222717,1
0.48526663,-28.983425,1
68.111,65.31544,1
47.814804,-62.316067,1
-76.12172,-14.944692,1
34.246582,-6.7656956,1
59.3681,2.3363957,1
2.2014813,61.286873,1
0.6516761,-25.623102,1
48.81964,8.858555,1
-14.761557,39.86438,1
13.411887,-66.731544,1
48.386383,11.801789,1
-71.10734,-9.7404,1
29.477062,1.5895045,1
25.12486,41.775085,1
59.189564,2.7021186,1
3.2874365,43.8215,1
27.03567,-42.822056,1
21.538465,88.18324,1
33.204823,-78.69267,1
-67.649536,-6.841193,1
31.8698,-12.183415,1
44.368446,0.42829835,1
58.359707,6.780811,1
-11.469578,73.397255,1
48.61209,58.903202,1
69.49873,-58.271137,1
-67.51474,-6.545739,1
53.39715,2.3014123,1
59.15907,3.1533747,1
-3.82053,29.735636,1
87.78352,30.444597,1
77.26973,-28.24072,1
-67.49201,-7.3329988,1
20.755802,26.452477,1
70.301,44.667145,1
-3.132285,-71.28554,1
-56.713036,-5.8370395,1
6.059321,21.993994,1
41.787003,34.41077,1
58.022724,-47.679153,1
23.751974,41.978535,1
17.503178,58.41872,1
24.152496,-12.410469,1
68.111,65.31544,1
48.90493,-62.492516,1
-56.83347,-5.9257402,1
44.383537,-2.8257275,1
1.0968354,62.720345,1
31.237066,-12.417533,1
47.885063,11.451164,1
41.193016,76.94794,1
13.411647,-66.73173,1
-53.131298,-13.193944,1
25.423504,42.002453,1
4.0169578,43.169743,1
25.190887,-12.922649,1
21.538465,88.18324,1
32.123226,-78.060616,1
-33.167805,-12.7371645,1
46.919525,-5.4835024,1
-12.4957,73.044426,1
48.61209,58.903202,1
84.60712,-58.34997,1
-20.970976,-22.369532,1
27.130291,43.278255,1
-2.2627087,31.08755,1
87.78352,30.444597,1
77.26459,-28.237474,1
-21.207872,-22.962524,1
21.76272,26.356247,1
70.301,44.667145,1
-3.132285,-71.28554,1
7.025148,24.335018,1
57.310337,48.5513,1
58.092182,-48.22161,1
15.620849,58.355415,1
68.111,65.31544,1
47.814804,-62.316067,1
-26.701355,-38.225998,1
53.449482,1.9117762,1
0.9491056,62.108383,1
41.193016,76.94794,1
14.123829,-67.16388,1
39.403896,8.159706,1
-23.89552,-40.42678,1
25.095352,42.0937,1
56.111134,-1.9895369,1
4.303747,45.756596,1
21.538465,88.18324,1
32.123226,-78.060616,1
2.7626216,-14.706977,1
50.37734,5.330708,1
-11.816979,72.55448,1
48.61209,58.903202,1
69.49873,-58.271137,1
-52.345432,-13.167008,1
11.556596,11.650413,1
58.860268,2.776922,1
-2.5211835,31.614836,1
87.78352,30.444597,1
78.29928,-27.526903,1
-65.498634,-7.7787004,1
22.423418,26.800179,1
70.301,44.667145,1
-2.3403323,-71.82054,1
7.2275367,23.411385,1
41.787003,34.41077,1
55.989307,-48.133984,1
49.04928,-5.1140113,1
14.798172,59.81088,1
20.921217,2.1459692,1
68.111,65.31544,1
48.90493,-62.492516,1
-66.193275,-7.505661,1
25.276741,42.174824,1
55.81951,-2.1021333,1
3.4105344,62.30838,1
20.559288,-6.569268,1
41.193016,76.94794,1
13.460539,-67.7893,1
-66.60549,-7.4648724,1
4.490619,41.045666,1
23.116693,-13.510486,1
21.538465,88.18324,1
33.204823,-78.69267,1
-67.35275,-7.1425343,1
26.486998,42.695156,1
58.114853,7.3237906,1
-13.274395,73.083405,1
61.479332,12.769092,1
48.61209,58.903202,1
69.76201,-66.38751,1
-44.563927,-0.8037057,1
44.618633,-2.9215946,1
-3.1883333,29.54747,1
87.78352,30.444597,1
78.29928,-27.526903,1
-51.63502,0.103963524,1
24.85769,43.248615,1
21.057579,26.081104,1
70.301,44.667145,1
-2.3403323,-71.82054,1
7.3529525,22.899023,1
57.854263,12.0214615,1
40.924324,34.291,1
55.989307,-48.133984,1
49.68365,-10.635796,1
17.588675,58.51968,1
68.111,65.31544,1
47.814804,-62.316067,1
16.678253,9.675707,1
52.001064,12.229823,1
52.30864,-11.74995,1
3.215312,61.222996,1
41.193016,76.94794,1
14.821838,-66.9991,1
25.238428,41.9677,1
50.84087,7.8743873,1
57.888706,-0.186917,1
4.3868375,43.851246,1
21.538465,88.18324,1
32.123226,-78.060616,1
53.47121,14.888765,1
-12.1264515,72.483116,1
39.525528,8.463736,1
48.61209,58.903202,1
75.37251,-54.28018,1
27.005325,43.247665,1
54.13708,12.0944,1
57.93732,-0.002355265,1
-2.2586591,32.214138,1
27.522284,-17.699507,1
87.78352,30.444597,1
77.15542,-26.997139,1
20.992527,25.58313,1
65.02886,44.702965,1
-2.3403323,-71.82054,1
7.6902313,24.346844,1
40.924324,34.291,1
55.989307,-48.133984,1
24.149227,42.18097,1
56.161148,-1.8624349,1
15.694255,57.343445,1
68.111,65.31544,1
47.814804,-62.316067,1
34.00644,-6.985357,1
1.8993226,62.128944,1
41.193016,76.94794,1
13.460539,-67.7893,1
36.406612,-7.6580515,1
6.033298,43.705254,1
21.538465,88.18324,1
32.108383,-79.156425,1
-11.140832,71.259026,1
48.61209,58.903202,1
92.47646,-41.92587,1
27.095812,43.098988,1
-2.8277993,29.307474,1
87.78352,30.444597,1
77.15542,-26.997139,1
20.639057,27.04364,1
70.301,44.667145,1
-2.3403323,-71.82054,1
6.397457,24.025402,1
43.207924,45.5045,1
55.989307,-48.133984,1
23.690832,-20.021597,1
16.597187,58.426926,1
48.90493,-62.492516,1
23.817593,-13.816977,1
53.687943,5.325001,1
2.925551,60.94846,1
14.530525,-66.70492,1
4.073914,44.047215,1
27.476202,-0.08228543,1
33.204823,-78.69267,1
-13.025916,73.60223,1
69.76201,-66.38751,1
45.53923,-2.5616133,1
-4.319951,30.636324,1
78.29928,-27.526903,1
48.975876,-4.5637093,1
19.729298,26.793623,1
-2.3403323,-71.82054,1
7.0074716,22.032856,1
55.989307,-48.133984,1
14.497644,58.656754,1
48.90493,-62.492516,1
2.8556428,62.166107,1
50.727802,15.281268,1
14.954028,-67.361115,1
4.1919045,45.039165,1
51.33206,15.354944,1
16.018194,2.772717,1
33.204823,-78.69267,1
-10.989796,72.62227,1
22.876802,-9.310558,1
75.37251,-54.28018,1
48.529232,-6.298755,1
-1.9263464,29.679293,1
78.29928,-27.526903,1
20.90812,25.987059,1
-2.3403323,-71.82054,1
5.86845,23.284199,1
55.989307,-48.133984,1
28.375624,-1.0274353,1
14.848803,59.330505,1
20.68222,2.5805895,1
47.814804,-62.316067,1
27.882627,-0.15570416,1
46.661137,-1.4865266,1
0.25015393,62.01047,1
-21.536192,8.202573,1
14.733342,-67.91723,1
37.20846,-23.845594,1
53.37841,-6.8739743,1
4.8960347,45.80187,1
28.872417,2.5738933,1
55.98782,-80.721146,1
47.825512,-10.256335,1
31.48265,-18.131191,1
-10.263392,72.61908,1
56.49177,18.500711,1
75.37251,-54.28018,1
-3.0832655,30.94225,1
45.079987,9.996336,1
77.15542,-26.997139,1
21.38872,27.296549,1
-2.3403323,-71.82054,1
48.089336,-13.976782,1
7.486176,22.00334,1
55.989307,-48.133984,1
15.646592,61.736046,1
48.692017,-60.424145,1
46.54541,-14.664551,1
54.950832,1.6801796,1
2.150562,60.554615,1
13.06601,-67.012634,1
40.677822,-19.119705,1
4.2194014,44.83325,1
43.69694,8.734527,1
34.419815,2.6512973,1
33.204823,-78.69267,1
-11.792804,71.08046,1
69.76201,-66.38751,1
-1.4887413,30.242691,1
78.29928,-27.526903,1
19.667368,27.396555,1
-2.3403323,-71.82054,1
6.3523483,21.689945,1
56.43851,-48.873985,1
49.589195,-10.691086,1
14.4779825,58.96394,1
48.90493,-62.492516,1
18.422844,5.1920886,1
39.079853,-21.871576,1
52.80251,13.491944,1
3.4770973,61.886047,1
14.698831,-65.38429,1
52.9353,14.492154,1
5.4162626,44.559883,1
33.204823,-78.69267,1
48.663986,0.9760336,1
-12.551214,73.78385,1
75.25534,-59.401867,1
57.643192,6.4106946,1
-4.3485823,30.89871,1
77.15542,-26.997139,1
21.871157,27.27869,1
-3.132285,-71.28554,1
8.767405,22.416416,1
55.989307,-48.133984,1
52.918312,13.341918,1
53.90842,14.896877,1
14.549064,59.519268,1
47.814804,-62.316067,1
2.150562,60.554615,1
-15.523125,12.026265,1
14.821838,-66.9991,1
54.46698,14.812886,1
4.7451534,43.700676,1
17.774849,6.431733,1
32.108383,-79.156425,1
13.394015,11.602985,1
-12.630331,72.11358,1
2.9351158,-5.266192,1
92.47646,-41.92587,1
58.20906,6.433045,1
-2.2592688,29.478178,1
-25.768578,6.5479984,1
78.29928,-27.526903,1
32.688736,8.222662,1
53.351547,15.334685,1
22.278517,25.882154,1
-3.2954373,-73.33201,1
6.397457,24.025402,1
58.022724,-47.679153,1
17.280611,58.017204,1
48.90493,-62.492516,1
59.002853,2.97938,1
2.5395267,61.38526,1
44.704018,10.503595,1
14.31266,-67.44626,1
58.379063,5.8887877,1
3.6075363,43.385994,1
33.098408,-77.494545,1
25.022678,1.191522,1
-12.130197,72.935326,1
92.47646,-41.92587,1
58.56589,2.3644984,1
-2.0112047,31.15597,1
78.29928,-27.526903,1
20.878603,27.920198,1
-3.132285,-71.28554,1
51.641277,12.925343,1
8.786868,23.349232,1
58.022724,-47.679153,1
56.989162,3.0108573,1
15.882259,59.29763,1
47.814804,-62.316067,1
53.474136,5.335404,1
0.35682836,61.64534,1
13.460539,-67.7893,1
54.576237,14.654543,1
53.277584,-0.17056102,1
4.983308,43.992546,1
33.098408,-77.494545,1
48.300873,-6.1231756,1
-10.579795,71.74375,1
75.37251,-54.28018,1
51.71685,-7.6717043,1
-2.5685334,29.460817,1
78.29928,-27.526903,1
20.058968,25.645996,1
-3.9515305,-73.110565,1
8.79545,23.02575,1
58.022724,-47.679153,1
17.082735,59.393894,1
9.835235,2.6907923,1
48.90493,-62.492516,1
51.465477,9.044396,1
50.16684,5.1741676,1
2.7083411,60.7439,1
45.383274,11.338882,1
7.6217713,-12.258677,1
14.117125,-67.154884,1
38.247673,0.3817257,1
56.20798,3.760147,1
4.424294,44.4143,1
59.86102,14.226671,1
32.108383,-79.156425,1
51.911465,-3.1311493,1
58.407417,6.8344955,1
-10.301686,73.02899,1
58.158207,13.277878,1
75.37251,-54.28018,1
47.296696,-14.468496,1
58.84045,7.8617697,1
-3.6317058,30.577068,1
78.29928,-27.526903,1
21.865181,25.376652,1
-3.9515305,-73.110565,1
51.400585,-12.170281,1
8.350001,21.97684,1
58.022724,-47.679153,1
15.093519,58.769615,1
52.31925,14.928748,1
48.90493,-62.492516,1
1.8625929,61.653576,1
14.489571,-66.713615,1
5.7543125,45.464134,1
33.204823,-78.69267,1
32.94727,8.040103,1
-11.533152,72.34097,1
83.072296,-50.578888,1
35.00781,4.3205466,1
44.556786,-14.154127,1
-2.5211835,31.614836,1
60.733948,11.97448,1
78.29928,-27.526903,1
20.058968,25.645996,1
-3.9515305,-73.110565,1
6.6562085,22.178242,1
58.092182,-48.22161,1
50.500984,-4.8401155,1
16.639807,60.289032,1
47.814804,-62.316067,1
47.057068,-0.0175846,1
54.47366,14.5209255,1
2.4750693,63.586132,1
13.460539,-67.7893,1
5.2401385,45.757442,1
33.204823,-78.69267,1
46.471573,11.5457945,1
-11.466048,74.04978,1
76.842606,-61.207207,1
52.204784,7.0834265,1
-3.6036608,32.119537,1
78.29928,-27.526903,1
22.423418,26.800179,1
-3.132285,-71.28554,1
7.3995285,23.822779,1
55.989307,-48.133984,1
48.245625,9.918559,1
13.182876,58.17364,1
61.2386,11.540462,1
48.90493,-62.492516,1
1.6099155,63.63898,1
13.460539,-67.7893,1
50.116722,8.821119,1
5.2604923,43.887547,1
15.351575,-14.638079,1
33.204823,-78.69267,1
33.605225,7.62221,1
-12.087743,73.98729,1
27.216116,-11.485348,1
76.842606,-61.207207,1
-3.6036608,32.119537,1
78.29928,-27.526903,1
48.243805,11.702541,1
21.563114,27.953632,1
-3.132285,-71.28554,1
51.023533,11.024503,1
8.076436,23.160835,1
13.531235,-40.234867,1
55.989307,-48.133984,1
15.882259,59.29763,1
8.3287945,-37.601532,1
47.814804,-62.316067,1
32.888218,2.7935655,1
1.6099155,63.63898,1
8.779256,-37.376106,1
14.369825,-68.22082,1
23.214905,-11.215838,1
52.615158,6.5657883,1
52.86416,5.750692,1
4.5413747,43.306908,1
0.7914726,-31.625511,1
32.123226,-78.060616,1
-11.243256,72.00942,1
0.5811463,-30.821037,1
11.775754,-2.120788,1
69.76201,-66.38751,1
18.19181,-10.816397,1
-2.1038954,30.356546,1
2.6944032,-32.647324,1
30.158766,-11.596576,1
78.29928,-27.526903,1
20.058968,25.645996,1
-3.9515305,-73.110565,1
7.7143703,21.392384,1
55.989307,-48.133984,1
16.597187,58.426926,1
48.90493,-62.492516,1
0.7879265,60.9809,1
59.248234,18.812143,1
13.999739,-68.438354,1
4.490619,41.045666,1
58.268787,18.79474,1
33.204823,-78.69267,1
-3.9797738,4.958974,1
13.837542,11.457892,1
50.228252,7.622095,1
-12.601447,75.31324,1
58.71898,15.114103,1
92.47646,-41.92587,1
54.739742,2.783866,1
-2.8563669,32.342068,1
51.381905,15.986461,1
78.29928,-27.526903,1
20.058968,25.645996,1
-3.9515305,-73.110565,1
8.644424,22.063314,1
56.276928,-47.26025,1
16.639807,60.289032,1
57.311523,19.35789,1
47.814804,-62.316067,1
-9.270158,-1.8141295,1
0.7879265,60.9809,1
15.267797,-14.631302,1
14.952806,-67.45676,1
49.044018,-5.8564634,1
4.490535,41.045677,1
33.204823,-78.69267,1
6.2430243,-13.668435,1
48.750656,-6.26916,1
-12.041773,73.27895,1
36.960876,-11.249858,1
76.842606,-61.207207,1
50.69571,-8.299235,1
-2.5765803,30.56901,1
78.29928,-27.526903,1
21.865181,25.376652,1
-3.9515305,-73.110565,1
8.432278,23.924906,1
55.989307,-48.133984,1
15.882259,59.29763,1
48.90493,-62.492516,1
17.897158,-15.048413,1
39.818893,6.5357604,1
45.430115,-15.127799,1
1.9925258,62.866806,1
14.083181,-66.519684,1
4.953587,44.68065,1
43.98688,8.432722,1
33.204823,-78.69267,1
36.341732,-1.2349746,1
47.150208,0.75017375,1
-11.447216,71.13404,1
42.053173,7.3773026,1
76.842606,-61.207207,1
51.711037,-5.0173097,1
-1.7172074,31.757921,1
78.29928,-27.526903,1
-34.127857,6.7824283,1
21.563114,27.953632,1
-2.3403323,-71.82054,1
5.824258,22.526674,1
57.185253,-49.063335,1
45.09908,-15.302446,1
17.082735,59.393894,1
21.076084,4.546324,1
48.692017,-60.424145,1
-31.111023,5.146907,1
1.6099155,63.63898,1
28.889568,4.6600842,1
13.460539,-67.7893,1
32.29736,-16.404644,1
55.06589,3.3662243,1
4.906287,45.19202,1
33.204823,-78.69267,1
-11.785557,74.069244,1
58.565163,18.216955,1
41.879498,6.070118,1
76.842606,-61.207207,1
26.111916,-9.8285885,1
-3.4222562,31.498476,1
78.29928,-27.526903,1
22.51223,26.332558,1
-3.132285,-71.28554,1
8.570458,23.595388,1
58.092182,-48.22161,1
38.015858,1.1887877,1
16.597187,58.426926,1
48.90493,-62.492516,1
2.3186538,63.75787,1
14.080562,-68.40831,1
4.8590703,44.837326,1
57.878048,13.38071,1
21.256546,43.816433,1
32.123226,-78.060616,1
-12.150323,71.08888,1
69.76201,-66.38751,1
30.073322,1.6799582,1
49.427757,8.994053,1
-1.717071,31.757671,1
78.29928,-27.526903,1
10.747724,-2.9758935,1
20.058968,25.645996,1
-3.9515305,-73.110565,1
6.6866465,21.518564,1
56.276928,-47.26025,1
15.593996,60.308704,1
44.679653,12.061852,1
53.22346,-52.38056,1
6.450897,-13.418056,1
3.3777232,61.546886,1
33.515865,11.026397,1
13.460539,-67.7893,1
-31.064571,0.10904307,1
40.200497,7.2422404,1
4.0169578,43.169743,1
34.212715,11.325713,1
33.204823,-78.69267,1
-32.38947,-1.4160929,1
-11.095204,73.00411,1
17.79762,1.175352,1
76.842606,-61.207207,1
-4.0715175,31.802559,1
78.29928,-27.526903,1
-32.72718,-1.1678288,1
22.278517,25.882154,1
-3.2954373,-73.33201,1
6.848025,22.583082,1
58.022724,-47.679153,1
34.29882,2.043203,1
17.082735,59.393894,1
14.117255,-1.0129274,1
48.90493,-62.492516,1
40.217983,6.264538,1
0.29340768,62.55051,1
13.460539,-67.7893,1
-10.295034,-6.822003,1
43.185646,1.0793146,1
4.1378546,44.45893,1
0.97988415,-8.055383,1
33.204823,-78.69267,1
2.9790335,10.186974,1
6.532822,-12.8752985,1
76.842606,-61.207207,1
-33.377953,39.226067,0
25.504993,-23.750086,0
45.983494,-10.1171465,0
-50.044678,4.4912677,0
2.788148,-3.400046,0
-9.616918,-7.8018374,0
33.788548,-1.5473974,0
51.919376,3.8680546,0
-27.786182,39.35523,0
-36.77844,26.010317,0
26.470844,-45.084988,0
-44.702583,-14.371821,0
33.482418,0.32569197,0
-26.37958,-30.249346,0
-48.911148,13.705697,0
10.319527,15.001935,0
-49.23904,14.687546,0
-9.68453,-8.595886,0
-8.242049,-38.58752,0
-21.774008,15.651859,0
35.63395,-26.278906,0
37.847366,-27.103106,0
7.2281437,5.1537356,0
23.770018,-12.193966,0
-49.85111,22.071844,0
-21.6817,-23.190699,0
-41.671986,-15.563352,0
-29.005768,49.167152,0
-34.98117,5.743293,0
-28.7148,-32.458992,0
-20.480165,43.04255,0
-30.268448,-35.498535,0
-28.639555,50.004456,0
-16.898,38.21359,0
30.476921,-41.62744,0
-26.169939,-19.296062,0
-43.95745,36.83679,0
-9.0240555,9.811034,0
-28.558723,12.258451,0
-31.188082,-9.706354,0
42.679928,8.721286,0
8.229597,21.595148,0
-58.502655,-25.617569,0
20.133043,-5.654514,0
-33.151653,8.524906,0
-58.444263,-27.317316,0
-40.087624,47.817112,0
-18.337788,28.434288,0
-56.55716,-29.280249,0
15.351345,-25.525831,0
41.068928,-20.231613,0
-31.63844,22.052591,0
-55.474003,-28.08225,0
-6.782594,-40.787033,0
50.938225,-7.851823,0
12.8337145,0.08733622,0
25.714025,-8.650003,0
31.164543,-15.685393,0
21.914942,-23.5412,0
16.361698,-23.688694,0
26.940044,-45.082275,0
-34.442806,22.10718,0
18.905039,-22.982054,0
-16.781803,15.363156,0
-1.7568613,-12.362944,0
14.997673,-24.628988,0
28.199934,-3.3948882,0
-31.62847,-15.7595825,0
23.927631,3.8082159,0
2.7905269,-12.724783,0
-67.665474,-20.840988,0
-60.244663,-13.674451,0
-21.343037,31.924957,0
-12.936027,-40.130466,0
-19.918068,-35.31105,0
-30.440641,-13.940555,0
-25.784866,-41.840702,0
-50.671753,17.793682,0
-46.412243,6.9198694,0
-15.950999,-34.780437,0
-26.266687,42.557865,0
49.695564,5.3384285,0
-36.975887,9.649696,0
5.262511,-33.222965,0
-14.946854,-35.891243,0
-32.576954,26.507845,0
27.578108,-15.430734,0
21.794064,-6.6936226,0
-41.638943,-18.62138,0
-58.66246,-11.85091,0
-46.977734,-29.649273,0
-47.020374,-16.454046,0
-14.639304,13.524495,0
-4.8709393,-12.034991,0
40.359913,-20.431349,0
-26.739918,2.9426224,0
48.966843,1.864762,0
-12.1878395,-3.8174694,0
11.363661,-33.48732,0
-42.048615,45.48829,0
47.605267,9.919993,0
-26.201242,36.70785,0
-75.83521,-7.880396,0
-25.146385,-36.474266,0
-21.060122,14.297629,0
-33.6984,28.131485,0
-26.953543,42.941914,0
-21.191263,28.321032,0
-14.807444,40.475784,0
-10.785369,-27.197796,0
-40.56431,-21.121971,0
12.294145,-38.125183,0
-18.544586,5.991713,0
-29.392254,-37.682728,0
-37.740566,47.622578,0
-14.849247,47.78642,0
-29.890604,-14.252717,0
39.896656,-5.755666,0
10.478436,-36.602863,0
-8.172488,-2.081199,0
49.81115,-0.14758205,0
-4.8597364,-12.0377035,0
52.10582,0.54043204,0
11.490408,-25.098412,0
-8.518146,10.051612,0
-36.001583,24.238739,0
-45.481125,-1.6820503,0
-2.0887778,6.4542427,0
-51.926125,-11.110377,0
43.50154,-0.9073096,0
-52.499657,-2.6062367,0
-52.729504,-9.48856,0
-14.329331,3.6297731,0
-35.667072,32.355713,0
-16.1877,13.87347,0
-67.65506,-20.79439,0
18.23379,1.6003491,0
-36.612465,24.254189,0
59.241795,7.408015,0
-33.30638,30.523823,0
-2.0030878,-14.937028,0
-38.23436,46.400513,0
13.592475,-17.788944,0
-36.04317,5.7805824,0
-52.813404,0.9119618,0
-16.62681,45.876854,0
-10.15206,9.945734,0
-1.4821639,-23.850899,0
-45.354973,41.171257,0
-28.83458,-32.441757,0
-3.7487693,40.14945,0
26.681196,-44.958267,0
-16.681032,12.433554,0
33.081326,-1.345366,0
-29.587086,-37.9677,0
-48.60143,8.775091,0
-8.013512,-21.13919,0
-35.27278,14.244385,0
-1.6375855,-2.876387,0
-34.686954,28.533783,0
-48.429035,23.656748,0
-63.15138,-22.491959,0
-76.14201,-14.016498,0
-52.76066,1.1551802,0
-35.05411,35.92901,0
-51.69549,18.041826,0
61.198055,11.651469,0
-55.8363,-26.762215,0
4.2581406,4.614332,0
-8.774597,4.282334,0
-3.8276756,4.543217,0
-48.705402,-19.201563,0
-26.478407,42.118866,0
-30.892752,37.6331,0
-20.091358,34.89272,0
19.675297,-41.922867,0
26.971024,-13.3762865,0
-14.63785,40.00608,0
-22.411808,-31.673845,0
-45.698734,-24.112597,0
-22.18803,-37.63721,0
-19.693312,43.273144,0
-35.85148,-18.835533,0
6.934334,-39.587708,0
5.310887,-20.925215,0
48.497307,-5.0172734,0
-34.24037,22.237362,0
-33.122704,12.380396,0
-59.778324,-12.219475,0
-76.13632,-14.013523,0
-35.829964,-21.829672,0
-52.95833,-23.893303,0
16.967531,9.847577,0
-26.32428,51.14967,0
-46.305546,8.70611,0
-26.116375,-12.1609,0
-19.966925,47.446556,0
25.337435,-14.307067,0
-52.184082,-0.72582936,0
-17.849962,42.49704,0
-29.385654,-13.369826,0
23.510618,-1.7148085,0
53.01085,-1.3781773,0
-40.6825,-18.788198,0
-1.5033561,-15.095606,0
-28.416906,-10.766999,0
-25.331715,37.980312,0
-49.31249,6.524589,0
-16.74527,8.3689165,0
30.602568,-41.54259,0
5.9640007,44.543312,0
-76.31211,-7.6650066,0
-22.632864,-28.80139,0
-41.541992,23.095749,0
-19.52854,-19.060165,0
-45.201164,10.043146,0
-34.504406,32.904266,0
-58.458378,-7.7628713,0
-27.328619,-39.236774,0
-47.91627,22.546415,0
-6.3604574,47.497368,0
45.722393,3.7497752,0
1.8142974,-26.689106,0
-56.549603,-26.06609,0
-19.329573,45.833435,0
-16.239307,8.496707,0
-37.34595,18.688923,0
-19.5273,37.351547,0
13.08339,-20.61713,0
-3.0236764,-18.967358,0
-43.96061,-26.528812,0
-14.193305,47.015263,0
-13.254401,10.772109,0
-2.9833083,-6.1645265,0
-40.34911,3.6064932,0
2.8462572,-32.4929,0
-0.030959368,13.029201,0
-25.673595,-33.67862,0
-0.67217773,-18.112206,0
-39.24331,-20.147825,0
-11.056348,14.621791,0
-41.6675,17.017502,0
-49.84555,37.447388,0
-26.086124,37.28938,0
18.83996,-23.825441,0
17.802975,-16.896294,0
-36.473804,-0.4221963,0
-25.622358,-33.784363,0
30.155117,-25.274061,0
-53.013947,1.3164535,0
-25.82288,37.764114,0
-3.338839,-29.089258,0
-14.179849,14.128969,0
-16.778156,-39.018436,0
-24.317957,38.08297,0
-26.795034,-19.503284,0
7.6433535,-12.917669,0
1.1036534,-26.426609,0
-24.317184,-36.115524,0
-8.356579,45.425026,0
51.378933,7.8783784,0
43.23278,-14.868658,0
33.882835,-6.9531393,0
8.394957,-38.554382,0
-13.2003975,72.04943,0
18.82101,2.9171858,0
-49.450367,-18.44752,0
20.479362,-5.818105,0
-11.268068,-39.700935,0
-52.40147,18.095636,0
-25.404474,-18.292418,0
58.795166,7.9773607,0
48.397316,6.801766,0
-26.66135,-24.674091,0
-51.89492,36.075687,0
-26.01454,41.976334,0
-45.377705,43.904053,0
15.480544,-25.509975,0
3.4770465,2.469852,0
-27.207918,39.19044,0
20.374214,-14.7034235,0
13.60405,-1.0272721,0
-18.59527,-8.536967,0
-18.593765,30.56888,0
-13.859152,-37.366524,0
-40.227898,15.9378195,0
-22.34218,-17.493502,0
-14.123112,-8.220098,0
28.010347,-3.3782892,0
44.54606,1.4016154,0
9.350165,1.4797571,0
-56.881813,-14.717703,0
17.412724,2.567682,0
-46.415565,39.38884,0
-27.679377,-10.428148,0
-44.96434,-23.799591,0
-32.228752,2.1861088,0
0.9488458,-32.597054,0
46.639927,11.950089,0
-16.888823,-39.968006,0
1.8677937,-13.934172,0
24.461113,-0.07125573,0
-39.62274,19.744078,0
-55.267,-27.107325,0
-23.062477,-19.58376,0
-37.539577,17.708904,0
-50.59097,-2.3167036,0
9.399244,-24.491007,0
11.628154,-17.902737,0
-59.021713,-23.017973,0
-36.67933,18.30709,0
-30.920574,12.729537,0
25.996866,-13.912268,0
16.908306,-24.908976,0
-4.862166,6.3500733,0
-34.811802,23.96267,0
3.1432688,14.804653,0
-22.643095,-41.89339,0
18.433567,-21.921719,0
26.845886,-44.997803,0
45.47802,4.935327,0
1.5426649,-14.613464,0
-46.131344,37.70751,0
-27.672626,-15.235337,0
-45.509068,-23.92136,0
-38.663517,9.543937,0
-10.794848,-38.42641,0
-8.572777,-33.854385,0
-18.542719,7.9361205,0
59.534615,-0.023940653,0
-48.854546,18.735155,0
-60.60681,-12.496917,0
25.847677,-45.872158,0
-29.910326,36.173206,0
-12.094787,-29.374577,0
-52.64448,-7.3031473,0
-51.763947,-24.570936,0
31.761017,-20.201475,0
-14.089503,1.2830839,0
-11.999574,48.83725,0
-33.67368,4.937504,0
13.722377,-9.970533,0
46.19287,10.492789,0
9.589605,-39.60988,0
-37.626556,10.121706,0
-60.268627,-12.154537,0
-30.09652,49.831818,0
36.201252,2.4122427,0
-8.356148,45.425373,0
-12.736466,12.301715,0
-23.020329,13.448185,0
-3.6927195,40.62077,0
1.4253047,13.115918,0
4.353242,-3.7446253,0
-1.1148425,-19.55979,0
-12.812867,-17.139511,0
-9.245754,47.434937,0
-42.872173,41.43396,0
-40.81103,34.239918,0
56.94146,4.2867656,0
-39.585785,40.499947,0
-12.136213,-10.208065,0
31.833487,-15.762207,0
-20.656796,3.9372187,0
-24.176357,-20.301523,0
49.736767,-0.5444385,0
10.951642,-1.6974306,0
-26.244493,37.0015,0
-20.339935,-29.45721,0
-5.016484,6.554868,0
-49.483944,20.050072,0
-18.800924,-5.0628858,0
14.860046,10.165868,0
-50.507645,37.628365,0
-31.096449,-28.138775,0
28.597437,-15.818608,0
43.169743,-0.13152622,0
-31.071838,-28.106524,0
28.191334,-22.154743,0
-21.976496,-8.20923,0
-26.648724,-3.9248343,0
11.077061,55.688187,0
-36.88642,7.302733,0
16.744658,-12.831785,0
-4.1794534,-36.34327,0
-33.555786,4.923371,0
-7.510337,-17.532051,0
-33.172935,27.37512,0
2.388958,14.698536,0
-29.648617,-0.8400086,0
-37.790085,-16.868826,0
-14.785442,-27.931732,0
-4.23584,-27.324986,0
-6.3212533,-16.62661,0
10.869776,-8.885798,0
9.441691,5.165844,0
39.844627,3.842795,0
-37.841454,-1.3465875,0
28.367123,-19.920065,0
41.06897,-20.231775,0
-30.066694,-34.847694,0
-49.218628,7.176131,0
49.519978,-14.703409,0
-26.949272,-37.041145,0
-12.923041,-16.95465,0
-18.737566,0.22124222,0
-24.843954,8.991894,0
19.40164,-25.913662,0
12.614231,-3.0474892,0
14.942002,10.1074505,0
19.65265,-44.066315,0
40.70535,8.980631,0
32.92307,-0.6336792,0
-11.830709,-15.776423,0
-77.10083,-12.599448,0
-47.80101,21.648197,0
-38.519615,-15.141456,0
57.02242,4.692988,0
-11.72379,-34.89797,0
-8.535102,-25.20481,0
-66.31928,-20.803875,0
-48.139122,19.423576,0
-13.183938,-29.046621,0
21.732704,-21.579094,0
-5.3453326,-8.655514,0
-12.665668,-17.742584,0
32.71653,-11.468942,0
-49.130898,4.338938,0
12.307538,-18.243362,0
-7.0601616,-22.665207,0
-30.66189,9.603215,0
39.0319,-5.762491,0
-50.02447,-3.8579755,0
-29.817259,5.2258396,0
-44.2345,44.08692,0
-22.50335,28.484842,0
34.26216,10.569631,0
-38.566425,7.7762203,0
-3.2146442,-31.181532,0
-14.162602,-11.067963,0
-25.282171,7.5788155,0
-8.401708,-14.821117,0
-0.87021816,-3.4644697,0
-21.075394,12.775625,0
-28.180225,-12.475482,0
-6.4046702,-39.792786,0
-9.958704,-27.4608,0
-50.69892,36.502502,0
-55.461338,-28.801886,0
-27.022694,-12.111603,0
-21.229445,32.50741,0
43.355946,1.0654457,0
-20.067543,29.294651,0
-31.650118,-38.967026,0
35.93458,-13.830821,0
-5.38419,-38.38684,0
-10.259435,-17.688414,0
25.117342,-23.12514,0
-49.648796,17.585024,0
-2.6965244,7.768308,0
18.689932,-22.277554,0
22.37492,-19.323519,0
22.295378,-10.751014,0
-24.455841,7.7700977,0
-45.97928,37.037468,0
-21.339813,30.852997,0
4.55626,2.0196633,0
26.748373,-39.259552,0
-63.464355,-21.79984,0
55.64482,-2.5405607,0
-17.29748,38.48016,0
-33.182774,-11.119337,0
-26.765934,-38.54226,0
-46.128025,-13.371827,0
2.31507,-5.264426,0
-45.11591,8.466715,0
-23.629686,0.12673625,0
-57.83323,-28.118773,0
19.213812,-44.329163,0
-6.1585755,-21.239756,0
10.754078,7.7866297,0
-1.9327779,3.6951683,0
-51.899616,38.526016,0
-52.203316,1.8648125,0
9.635952,-26.76273,0
-34.79703,19.833527,0
41.249924,0.34385574,0
-50.09675,18.151438,0
0.7052976,14.914342,0
-63.33044,-21.70397,0
-68.589226,-19.70657,0
-40.860218,-14.844174,0
16.548105,-25.054468,0
41.50244,-19.721586,0
-29.71922,47.73144,0
-28.381447,1.1496955,0
-48.570286,4.713913,0
-0.07414332,-33.439087,0
-71.19701,-16.948774,0
54.174267,2.0701444,0
-40.522366,-14.591601,0
19.568129,-23.050354,0
-40.87194,-22.024319,0
-21.538626,6.612926,0
-61.198265,-8.803717,0
10.092363,-37.681564,0
35.935513,-23.28705,0
-77.003365,-12.558239,0
3.6581447,-32.876728,0
-14.421001,14.379868,0
-48.53321,13.146196,0
2.6836588,15.3487,0
-43.4081,34.62768,0
52.303833,6.0001802,0
-58.779213,-13.598148,0
46.459255,0.2702478,0
57.475792,17.102339,0
22.78906,-11.63512,0
-28.125896,-28.40227,0
-27.219305,39.57817,0
31.541101,-3.4392564,0
-58.19379,-13.385874,0
-19.9572,35.24211,0
-46.2229,43.493347,0
-14.576837,-17.954363,0
-19.219345,-33.999363,0
2.3923492,-25.437262,0
-58.184223,-26.072119,0
22.373468,-19.771938,0
-24.998789,-38.232216,0
-56.11409,-29.054335,0
19.897951,4.920922,0
-24.666267,-1.3658727,0
-52.572884,15.953886,0
-22.414259,12.167025,0
29.922571,-41.38569,0
0.28301433,-2.9656837,0
-68.221146,-20.035057,0
35.837456,-13.866865,0
26.49567,-41.66139,0
-44.13838,-22.83636,0
2.681765,-15.776284,0
16.036758,-24.14381,0
-44.960445,9.641983,0
-18.83572,-16.706026,0
-45.713467,10.054215,0
-42.793003,36.164734,0
-0.7255768,12.685599,0
-57.636715,-21.870413,0
-21.892082,-28.374477,0
-5.78159,46.93601,0
-18.982906,-39.085987,0
-48.637863,-21.262262,0
-46.055508,-1.636967,0
-36.930267,49.067314,0
-5.4097733,-31.639568,0
-20.259775,44.08721,0
-38.720543,21.336332,0
-25.14695,-17.405209,0
5.8880787,-21.208445,0
-41.8095,-17.700644,0
-23.56882,-24.063385,0
-7.071905,-22.517145,0
4.880151,-12.000871,0
-27.384363,41.311295,0
-24.960361,7.1312003,0
-35.8874,4.4871593,0
-57.71964,-27.106565,0
51.10796,15.39918,0
-21.148123,8.646799,0
-1.0449247,-18.941866,0
38.997974,-5.913662,0
10.76267,-27.795727,0
-51.204662,37.79821,0
-15.015969,-12.62431,0
9.818649,-9.967343,0
7.3836985,-40.127193,0
-47.51369,-17.02195,0
-57.56706,-23.186922,0
-35.50453,5.5845394,0
38.93543,-23.324015,0
-32.728428,31.632395,0
-13.055242,-29.489779,0
-51.530533,38.032635,0
-8.153427,50.118122,0
-51.789253,-24.286345,0
-52.750446,-9.62824,0
-4.194338,-8.38987,0
-15.700514,50.27884,0
-53.2793,-8.405178,0
24.661766,2.1650453,0
-12.959011,-37.337067,0
-49.507835,20.182272,0
16.534313,-42.002,0
-52.369003,0.10421302,0
-52.50457,18.364943,0
-7.9690495,-42.54208,0
11.551925,-25.894552,0
-12.136467,13.774774,0
10.5180855,-4.119092,0
17.850628,-16.810593,0
-50.271328,35.42749,0
-38.553146,18.297152,0
-25.307846,3.9581265,0
-11.08117,14.078395,0
9.910228,-24.42863,0
-15.246363,-5.1426816,0
39.188248,0.7958714,0
-11.388881,-39.896606,0
-15.037963,-28.898745,0
-24.21645,-27.905691,0
2.024418,-2.7847064,0
11.5586815,-15.929096,0
24.400988,-45.75559,0
42.060272,-26.350294,0
-8.686093,2.2541819,0
-26.362179,3.2135732,0
-7.4376025,-16.525059,0
-3.263869,-27.907059,0
42.11212,-19.179363,0
-47.462894,-29.120968,0
-19.275314,-5.7696896,0
49.894356,8.222376,0
-26.943214,37.328423,0
1.0462408,-15.94857,0
-26.190376,-38.642426,0
13.601272,-37.719463,0
27.04366,-17.489614,0
-38.644592,-18.128574,0
32.986797,-21.437288,0
41.246838,4.057813,0
-30.241259,10.641541,0
29.702103,-41.166935,0
-48.566727,12.762736,0
31.417965,-19.119019,0
-12.605925,15.488792,0
-40.214577,-21.777092,0
-76.02376,-14.010572,0
38.935497,-23.324015,0
-1.0058161,-18.79745,0
-56.31531,-30.64058,0
40.324337,-21.161568,0
-51.539406,-9.83954,0
46.610897,0.8123125,0
11.912673,6.1324844,0
13.495757,-9.602867,0
-10.962834,-27.151085,0
23.73843,-24.874924,0
-20.223843,-42.30549,0
-10.921521,47.927124,0
-20.198212,26.665003,0
1.9597377,12.116058,0
40.2076,-14.09652,0
26.462055,-45.097153,0
-22.896832,-28.916239,0
-12.4048395,-17.944183,0
37.70106,-13.652692,0
-9.774939,-5.491904,0
-57.398228,-5.546427,0
-53.162178,-17.809702,0
-21.768064,16.094543,0
-34.66846,-21.128283,0
13.560824,-0.6714306,0
-25.274996,-0.27273586,0
-39.014347,17.75896,0
-6.7002525,-2.303437,0
42.60611,-18.78453,0
-34.50594,48.436592,0
27.611576,-19.993404,0
19.530594,-44.505436,0
-39.87311,-14.486045,0
6.281206,-15.531229,0
46.84617,-1.0533235,0
25.776405,-39.704712,0
-13.347195,-37.193703,0
2.9287498,-4.2884655,0
-46.83396,14.065772,0
24.122162,-10.5896845,0
22.765482,-11.0339365,0
-54.25346,-23.321404,0
-12.0024185,-1.9545491,0
-14.509658,40.16924,0
-24.45432,9.424369,0
32.34359,-14.833932,0
38.071014,-13.449561,0
49.449722,10.145363,0
29.295622,-23.36168,0
24.0542,-46.408466,0
32.462143,-28.492191,0
-65.83695,-20.987507,0
46.912746,11.452098,0
-15.342665,45.839806,0
-14.400979,49.06666,0
-39.163918,-14.731319,0
-7.831051,-40.728333,0
13.26384,-8.168873,0
-19.197237,-29.13077,0
-2.3988051,-32.54168,0
-36.498688,-1.4705361,0
12.523414,-29.579119,0
-31.253218,-37.749836,0
18.85061,-42.673534,0
-3.9939115,43.24887,0
-19.830517,-39.915462,0
16.051819,-26.898155,0
-17.82982,7.6751347,0
-2.8261254,-12.889072,0
61.610626,11.415652,0
16.98595,-27.092567,0
16.44332,-42.217346,0
-3.8503404,-28.360884,0
-48.32183,4.149066,0
25.899157,-10.892725,0
-37.291664,10.06814,0
-26.1552,-42.6197,0
-24.708971,37.87925,0
50.888954,-13.986949,0
-54.99685,-30.545252,0
-40.151268,7.982219,0
-32.964527,1.9453036,0
-46.86599,-16.552608,0
18.306887,-44.184902,0
-29.890137,-39.453148,0
-12.004038,49.186607,0
-54.009495,-13.661482,0
-29.1087,46.58964,0
-40.91238,17.194632,0
-14.424668,-28.750502,0
3.3302588,-10.684306,0
21.626553,-24.061335,0
9.445365,4.049839,0
-17.440168,-14.1089525,0
-12.238134,-35.128105,0
-8.397066,-2.074571,0
24.72936,-36.65305,0
-50.747677,-16.89432,0
-38.787163,46.1482,0
32.00136,-18.833788,0
50.029163,0.35176778,0
-51.438904,36.161095,0
-34.086773,48.943928,0
-11.317046,-38.888077,0
8.8580065,-39.4788,0
-37.949104,18.077993,0
-11.516829,50.51705,0
-17.068089,46.669083,0
-60.579617,-11.88056,0
-42.989113,-18.041904,0
23.301702,-19.243912,0
-8.365496,-33.647217,0
38.93543,-23.324015,0
-12.105751,-9.646904,0
36.81947,-4.7109556,0
-23.24174,-39.60937,0
-24.84407,37.10733,0
8.503499,-29.018858,0
-9.391821,48.216675,0
-61.535896,-22.626162,0
-20.246174,-17.464682,0
-29.869284,-30.062677,0
11.717393,-19.512133,0
-3.6919174,9.176355,0
13.339812,-36.50562,0
-34.829704,34.5824,0
-20.920818,-34.541767,0
-36.031708,42.725296,0
-42.882042,-24.32072,0
11.766585,-9.944735,0
-6.325431,-40.115253,0
-9.553988,2.3152401,0
-46.58662,-16.963108,0
16.869564,9.139588,0
-53.42116,17.490055,0
27.034668,-45.31139,0
-31.946112,-15.497202,0
-19.481403,13.252398,0
8.561919,-4.468506,0
-47.458385,5.772995,0
37.83164,-5.2774396,0
-18.218113,2.8675718,0
-31.229118,0.040310852,0
-33.39076,49.03256,0
-44.644764,36.767967,0
-35.422024,18.710241,0
2.8289077,12.39463,0
14.4682045,-15.538046,0
-25.498442,-17.39496,0
-27.722733,50.66781,0
-43.241444,-13.647578,0
-20.282295,26.75947,0
-33.65673,-11.567784,0
18.595982,-42.80987,0
-46.142696,7.1081676,0
40.719395,-20.481419,0
13.916148,14.11858,0
-10.094862,-10.217366,0
-7.502176,-40.719112,0
-0.17261034,-12.901607,0
42.564545,-26.409988,0
15.519908,-14.120593,0
-21.112389,7.445331,0
11.614261,6.729933,0
39.96366,-21.83712,0
-63.155388,-21.280474,0
19.664032,-44.077633,0
-11.733889,0.44549283,0
-39.818428,8.831222,0
-43.782192,36.44269,0
25.796053,-35.524105,0
19.667004,-44.078182,0
-27.704103,-32.006577,0
-27.343456,11.86013,0
17.06009,9.81862,0
-47.388184,42.850697,0
-40.968483,-19.739061,0
-23.121132,-18.989243,0
-61.137604,-13.537966,0
-26.764345,50.580242,0
-33.371243,-11.825968,0
-53.007683,-8.12923,0
-19.58961,-31.049728,0
22.309822,-15.389068,0
-25.593365,-41.744556,0
-12.816409,35.182774,0
-54.533833,-23.00201,0
-33.73487,-0.2252745,0
-35.768997,47.911617,0
-15.745329,-39.42434,0
22.050701,-19.936016,0
-29.054657,-37.92976,0
-2.8954363,6.9283338,0
-49.286602,17.127617,0
49.57992,-2.9407105,0
-23.237652,42.141266,0
13.608053,-14.505889,0
-40.097107,8.64648,0
53.284473,-10.318995,0
18.41945,-14.765245,0
-61.457256,-26.33031,0
-3.7105834,42.63467,0
-22.866962,-29.73484,0
-29.179918,-39.9595,0
0.5580747,-31.578672,0
-39.40638,20.708403,0
-35.970802,42.56168,0
48.02225,9.118336,0
-49.369724,21.499386,0
9.934378,-24.578684,0
-32.919464,-2.1302047,0
24.771963,2.2638628,0
-25.666857,6.939389,0
-26.655449,-13.1684065,0
-21.05168,-25.692987,0
29.160622,-22.108782,0
-25.863548,-38.93324,0
39.671738,0.27199548,0
-53.459732,-15.448871,0
-53.68215,-15.081091,0
-45.322914,-24.081844,0
28.254204,-20.405373,0
30.73174,2.7296562,0
1.1368451,-14.361304,0
-33.603928,27.541265,0
-38.70881,17.016178,0
-30.97469,32.340317,0
50.585262,12.357954,0
-0.17694068,-12.987382,0
-52.034683,16.159811,0
12.729909,-3.9536204,0
-39.23548,47.490807,0
27.469746,-21.576035,0
-6.1123385,-31.244545,0
-8.453695,2.331677,0
-43.77497,0.08298611,0
-47.893566,-25.524492,0
-16.391893,-13.2559395,0
8.224146,-12.59304,0
1.7453475,-32.120987,0
-53.618088,-6.3138885,0
34.09993,-1.6441851,0
-25.57287,-5.0528765,0
11.308497,-23.743689,0
53.030964,-8.749376,0
-12.993064,48.083305,0
42.60612,-18.7845,0
-41.684902,13.520637,0
-21.456942,1.811464,0
-27.825699,-27.882187,0
-44.277233,-23.041222,0
-30.000254,46.767017,0
-53.99563,-1.8807006,0
-23.328886,27.589577,0
44.119556,-13.075256,0
-11.793035,-29.42579,0
-13.54828,-32.742844,0
32.99807,-10.530078,0
-16.946531,46.973953,0
-13.704027,-5.370007,0
-3.8791385,39.725918,0
27.70442,-11.190986,0
-11.019917,47.033154,0
-14.807966,47.7479,0
-16.076197,5.919984,0
-65.52702,-21.534698,0
-27.276142,36.510536,0
-44.258717,-24.132326,0
-29.467962,5.3045907,0
-48.22158,13.284494,0
-35.171715,24.637512,0
-7.727283,-20.932228,0
0.4591827,14.437797,0
2.5719593,-12.730386,0
-40.283794,2.9026008,0
53.569096,14.345243,0
21.43305,-21.94253,0
36.77142,-4.06452,0
18.596428,-42.811935,0
-29.553524,-13.446277,0
15.692587,55.911503,0
-27.248652,50.846153,0
20.9277,-7.1641374,0
-12.744926,-24.128975,0
8.749091,-39.94987,0
-14.547145,-17.545816,0
-21.339169,42.61526,0
-29.116793,-32.467743,0
-24.495115,-37.4083,0
-35.434414,-10.466488,0
-31.570837,-3.8978174,0
-62.7434,-22.166302,0
-30.99267,32.307922,0
-0.19593444,-15.790325,0
31.109869,-12.872777,0
-20.95797,29.033945,0
33.008335,-0.2487842,0
0.40888494,-18.676252,0
54.498352,-0.2914786,0
26.327345,-11.023885,0
-17.74105,6.8070555,0
-7.6468735,-33.79324,0
11.438327,-19.849756,0
-25.012306,28.991955,0
4.1985054,5.7384105,0
-39.848022,22.409554,0
36.43878,-3.8870215,0
-6.469882,-17.330048,0
-5.3764615,46.819286,0
-33.48069,48.706825,0
-22.061583,-36.541878,0
-31.968035,22.110826,0
-65.696045,-20.547367,0
-45.98606,9.672396,0
-25.428047,43.388268,0
20.065847,-13.524292,0
-14.726852,-28.58164,0
27.60102,0.29317206,0
-17.895,29.966421,0
-7.801933,7.9217505,0
4.743807,-33.491974,0
-26.336721,-24.728052,0
15.882259,59.29763,0
-42.61721,-0.22304747,0
37.89261,-26.300877,0
2.224211,-2.5015965,0
-17.876497,2.9261613,0
23.494326,-24.935503,0
-74.91588,-6.2692695,0
-8.774584,9.245558,0
-29.539635,-8.976233,0
19.09343,-25.915758,0
0.16163194,-17.383726,0
-8.230777,-30.5454,0
-13.891466,46.961723,0
-41.238113,9.215417,0
-32.10259,-16.108978,0
10.97738,-34.567307,0
-32.540295,49.705875,0
-20.375738,29.318592,0
18.846521,-42.673412,0
29.116879,-42.7421,0
16.200657,-25.92957,0
-42.351025,9.186702,0
-48.577442,-25.957159,0
55.435326,18.266779,0
-25.974684,51.0711,0
20.170021,-12.723382,0
13.333614,-26.036469,0
-36.08419,24.113758,0
47.61773,11.023453,0
-38.663517,9.543937,0
-22.436073,-38.759705,0
-55.584175,-30.029331,0
-4.8176813,7.1989365,0
-33.758183,28.753773,0
-12.528042,-10.447475,0
-45.287743,-0.96739537,0
-55.306763,-31.400356,0
-31.148066,11.751981,0
-5.8013597,9.856249,0
23.116247,-46.03643,0
-2.867566,8.080145,0
10.872506,1.35779,0
22.779408,-9.796487,0
13.401837,-16.992231,0
-21.563591,35.96363,0
23.991869,-46.136265,0
-38.447502,-1.1432674,0
-55.082012,-28.033361,0
-46.018387,4.823626,0
16.760057,-26.518257,0
14.647258,-1.8253067,0
-2.4858823,6.4508543,0
-40.70472,22.138674,0
-22.107883,43.430458,0
52.19522,-7.4426227,0
-55.88257,-28.408556,0
-51.01039,-25.741673,0
-47.338226,-29.23018,0
-19.48737,37.416714,0
-48.831482,-2.9193263,0
-4.72338,10.487787,0
-10.893122,12.913744,0
-23.091097,-38.505066,0
-23.105011,-7.9392505,0
40.943855,4.73115,0
-36.460796,11.093206,0
-20.179893,27.747114,0
-28.137863,50.635174,0
-14.659959,-5.0443816,0
-43.878197,-22.948944,0
-31.380642,1.6133769,0
12.073361,-0.79647845,0
20.190563,4.6305385,0
-30.690619,-40.672863,0
-35.77133,48.83419,0
-75.25459,-6.042788,0
-50.442646,17.983694,0
-76.63143,-11.201663,0
-22.214016,-23.315985,0
-15.558597,39.832554,0
-53.342625,-22.088406,0
33.49257,-20.30457,0
-25.32846,13.540631,0
-23.346212,36.367756,0
13.6780815,-7.2815146,0
-77.150375,-11.073149,0
-42.89425,8.887979,0
-59.577785,-26.579884,0
-14.373133,47.12408,0
26.913828,2.518555,0
-27.1297,-14.888547,0
-3.7272542,4.881268,0
-29.81745,-35.04832,0
-3.867673,-5.3067822,0
-41.426483,16.911884,0
-28.261358,39.793724,0
-23.330439,-21.099852,0
-32.537582,40.582092,0
-22.065994,-8.182293,0
52.128902,-0.7631208,0
-32.36977,0.2040293,0
40.47587,-26.911972,0
-53.756424,-22.467564,0
-8.290034,-7.296123,0
-46.22029,-13.43586,0
21.596529,4.1455274,0
-2.988221,6.4454255,0
-11.0540695,8.017502,0
-38.296726,-16.895243,0
-27.213963,-14.695511,0
-12.339211,-36.352154,0
-53.48398,1.7562455,0
-28.659142,5.6361375,0
11.443505,13.922457,0
-22.885092,-7.47462,0
-15.888936,5.221604,0
28.392714,-20.519064,0
-34.4013,27.614983,0
-31.503819,7.860704,0
-15.57583,39.655205,0
-2.7609072,42.617844,0
-58.427696,-11.59032,0
-0.9405857,4.440296,0
19.025679,-26.261164,0
-3.007028,-5.564989,0
-26.037535,50.732403,0
-13.170566,29.267603,0
-31.706203,8.367369,0
-26.890697,-36.953197,0
26.498903,-24.982313,0
55.877857,18.128445,0
25.71291,-15.889031,0
-5.0711536,-38.183796,0
-14.0259285,-19.684065,0
-7.799081,4.777964,0
24.403534,-45.75731,0
-44.46586,-1.0860379,0
-46.894867,14.083943,0
11.654059,-29.610474,0
11.439083,-34.18908,0
-36.56238,7.2552123,0
-45.578197,-16.26654,0
-56.353043,-28.031597,0
-37.497982,47.895725,0
-20.394232,-27.636074,0
-22.535141,-17.780941,0
62.2318,11.15848,0
-32.244064,2.9572313,0
33.99738,2.910071,0
-46.950993,6.1800804,0
-17.58334,-39.248436,0
4.3987136,-16.019438,0
21.230099,2.2430859,0
-1.8969331,-6.2132435,0
-28.049223,0.8403709,0
-8.955844,28.436165,0
-10.027587,14.085835,0
29.118927,-42.769417,0
18.264345,-26.676949,0
-25.770733,3.9624429,0
-2.9080133,-18.896961,0
-51.071682,15.631076,0
-8.811756,3.3161783,0
30.965374,-20.887869,0
-13.689242,-16.689137,0
19.659681,-44.073116,0
-16.425041,-8.342494,0
-33.495953,-20.875399,0
-33.925854,-2.706894,0
-35.828922,14.371027,0
-35.841736,3.7803185,0
-13.415216,-34.420128,0
-11.848477,-14.925581,0
-22.614399,33.245457,0
14.585677,10.733736,0
-9.145645,-6.1738605,0
-37.452976,42.413353,0
-10.39501,-0.26193148,0
14.267064,-1.373372,0
-3.4230804,-12.920085,0
-77.151436,-11.072904,0
-20.543886,38.751705,0
20.388218,-5.6834083,0
-57.31372,-26.179321,0
-55.081688,-30.93141,0
-9.008675,-29.03753,0
50.28996,-0.73743594,0
39.476776,-14.613624,0
-53.48124,3.5989974,0
-28.453976,-32.219463,0
12.241117,-29.471975,0
9.831325,-25.977077,0
-23.212532,-39.209347,0
-12.673306,9.571186,0
39.074646,-6.2676334,0
13.982163,-19.51999,0
27.15431,-39.780457,0
-0.07227333,-6.4745994,0
-77.15872,-11.0813675,0
-15.2131815,45.839436,0
-48.476177,22.27677,0
50.128147,-10.688624,0
-8.016221,50.22967,0
-3.7098787,-27.410095,0
-38.016624,21.198547,0
-26.213715,-40.435726,0
16.583357,-27.354628,0
-17.009777,-37.817158,0
-44.424397,8.490047,0
-9.039443,-20.82628,0
-32.372993,-2.8765793,0
23.067957,-19.62366,0
-8.431191,-27.696138,0
-11.523625,-1.295573,0
-52.796238,-1.7347822,0
30.07864,-22.405453,0
29.896364,-40.867374,0
-36.96004,31.488321,0
-19.06874,-34.559357,0
15.01219,1.3421707,0
11.652163,-9.506805,0
8.717935,-29.463074,0
-58.807796,-26.669176,0
26.911165,-16.86498,0
35.379826,2.5239353,0
35.848766,11.894154,0
-3.0061722,9.131535,0
-15.408627,3.813258,0
-72.32399,-17.184448,0
-33.321003,40.680893,0
-58.60318,-11.997922,0
-46.707386,-1.7201899,0
-33.897415,29.396353,0
-32.264847,40.169502,0
13.735987,0.36373952,0
11.076484,-23.634605,0
7.588954,-32.78732,0
7.539399,-11.96064,0
-36.05503,-11.252012,0
-15.936005,50.296425,0
-19.379812,3.1462939,0
29.11691,-42.74202,0
31.542673,-19.188229,0
45.73707,10.692838,0
13.986809,-8.722774,0
-30.02587,50.220596,0
-50.601936,-3.881354,0
-38.5237,-16.795519,0
-61.509064,-23.194248,0
11.200485,7.4223485,0
-35.817818,18.598818,0
-23.764343,-30.348902,0
44.904846,-12.73641,0
-22.016293,14.353495,0
-33.76611,25.792423,0
-31.242182,-11.503676,0
59.158,1.6724387,0
5.7195196,1.290968,0
16.488113,-42.15812,0
-39.038746,42.166603,0
23.624104,0.5398113,0
-76.17681,-8.722963,0
-26.48802,50.967506,0
25.127043,-36.646,0
-7.0496736,0.07043441,0
41.686176,5.3120203,0
-30.654789,1.1681494,0
-21.27053,-23.858015,0
17.73325,-35.61637,0
-56.36997,-8.082622,0
-11.874299,5.5245643,0
-14.847257,-9.2493105,0
-16.979986,-17.17574,0
-33.861416,31.98743,0
-20.409023,-42.42688,0
-29.295534,-25.961607,0
-47.55493,-18.167393,0
6.8971562,-15.3638115,0
-12.199456,-34.557327,0
-76.14274,-14.016788,0
23.390095,-2.318647,0
-29.10037,-38.75871,0
-12.541141,13.736037,0
-15.902056,28.930393,0
11.961205,-35.604935,0
-17.963884,29.740192,0
-29.339907,4.7198286,0
37.209938,-5.256997,0
-25.331713,37.980312,0
-53.733006,15.51797,0
-18.06181,-18.119833,0
27.565104,-15.610147,0
-11.566419,-9.148293,0
-33.974064,28.125471,0
-50.23644,17.435408,0
-23.852951,-10.109861,0
-29.61984,46.4694,0
9.042039,-39.04342,0
-44.119602,41.454224,0
11.472669,-37.172718,0
48.006718,-4.549418,0
-46.485516,43.08441,0
-45.208805,24.297403,0
-16.840841,29.460894,0
24.609879,-38.470387,0
-18.343842,-28.806879,0
11.82369,-8.398886,0
-32.108475,-37.132526,0
-50.396217,35.69391,0
-40.43001,-18.630138,0
46.678467,-9.696916,0
-14.363949,-28.258312,0
-19.902212,5.511491,0
-20.15831,27.02129,0
47.612858,-12.881184,0
-0.342835,-18.262064,0
-36.88853,16.67731,0
35.72211,-3.0248346,0
-40.89347,23.298027,0
-48.489986,12.85492,0
-26.948753,0.84175783,0
-14.251072,-10.62427,0
-61.729458,-25.699577,0
-4.9086003,-39.443504,0
-30.24893,38.52092,0
40.723614,4.8443975,0
1.736908,-1.582675,0
12.674926,-3.7800918,0
-2.5819082,2.943272,0
-43.970474,-23.947708,0
-38.91061,-17.981709,0
2.0803204,-12.908501,0
33.08162,-19.34691,0
-4.03262,4.9362793,0
-3.067951,8.6462345,0
2.5396163,0.11036733,0
-29.213083,44.17536,0
-58.137096,-7.9116106,0
-51.478493,-27.87555,0
35.19079,-24.482285,0
-12.702707,7.9889903,0
-36.111168,48.25121,0
-12.607156,-38.998844,0
-7.6392155,-33.819725,0
-38.859512,18.878262,0
-42.422768,17.078897,0
10.196833,5.0394278,0
-50.823097,-2.3366828,0
30.245388,-40.829376,0
-16.257685,38.701622,0
50.468227,-12.772829,0
-40.12983,40.819706,0
-35.376442,-18.543991,0
1.9925258,62.866806,0
7.3627744,-22.302456,0
1.5733716,11.05435,0
-48.85623,8.015127,0
-21.45769,43.034817,0
44.302734,-9.477233,0
-19.173813,46.266388,0
-23.451183,-10.158434,0
43.42801,-14.37056,0
14.961086,-38.883217,0
12.060478,29.339653,0
-35.43481,-21.462786,0
-49.865555,12.337443,0
34.246597,-27.185642,0
48.33058,2.0446074,0
-42.5831,-1.208443,0
30.665146,-41.23215,0
40.32449,-21.161629,0
0.69181794,-26.118313,0
37.877625,-27.23535,0
-45.132954,40.391365,0
-12.642868,49.019554,0
-45.485756,-16.30209,0
-52.139652,-16.322226,0
-29.9641,-34.634476,0
43.700737,-0.36858016,0
-75.462036,-6.864443,0
-57.076424,-8.385078,0
-41.685913,44.34986,0
-13.153556,11.073974,0
26.757605,-45.615627,0
-19.188007,-34.226204,0
-36.698254,19.65244,0
-15.097474,13.473803,0
-36.78559,33.47602,0
-20.940966,30.808361,0
4.072037,5.4340286,0
-6.318911,-15.466921,0
11.154766,-20.102966,0
-8.42128,-24.945536,0
-34.83173,34.883236,0
-38.172478,-18.045122,0
18.842796,-42.672318,0
-14.923031,-34.433342,0
-5.451774,46.837498,0
-10.245984,-1.2790115,0
25.788223,-24.756948,0
-36.585842,48.84738,0
8.159279,-31.050745,0
13.651798,-21.538599,0
-41.22997,-24.814732,0
24.52085,-38.280975,0
-17.112072,-13.893237,0
-18.356483,30.204432,0
9.558258,-39.43274,0
-36.122982,-23.14339,0
-25.74433,-9.828343,0
-36.21904,32.18897,0
-25.826876,3.6695583,0
4.955682,-18.961334,0
-41.23209,-13.375558,0
-14.435974,-3.2284203,0
24.801794,-36.65852,0
25.676643,-8.721245,0
-35.36749,-10.295939,0
-8.098002,7.2323117,0
11.565852,-40.730087,0
-61.078697,-8.823978,0
18.851797,-42.67358,0
-14.109925,2.5608623,0
33.762794,-25.542597,0
-45.73171,37.244736,0
-0.19892944,-12.86868,0
-13.2789955,-39.063988,0
11.498462,7.6916423,0
-19.087044,7.3846517,0
-7.009012,6.6299553,0
-21.709934,28.975168,0
8.253996,0.5577045,0
-38.604443,21.786951,0
-55.8642,-30.017635,0
2.0182457,11.268755,0
-30.012081,47.86333,0
-14.008014,-28.32446,0
-66.678535,-18.042221,0
11.177692,-29.361345,0
-20.327377,32.255623,0
30.893375,-2.848647,0
-66.05342,-21.7272,0
-2.5062423,-26.618263,0
-31.854822,49.520023,0
1.6922446,-32.503254,0
-32.307796,49.746086,0
-1.4652623,-24.37137,0
53.079525,-7.2479644,0
-2.5765352,-26.17936,0
35.82344,1.7894636,0
23.000292,5.080635,0
48.60474,-11.204623,0
52.112843,-1.0585066,0
-20.531126,-24.096714,0
32.42483,2.7412677,0
48.77744,-15.614175,0
36.994823,-20.98496,0
-29.24075,-28.11713,0
18.361017,-24.048443,0
-29.396248,45.96563,0
-42.460167,-12.943819,0
-14.033567,-33.97019,0
-30.810276,-39.355778,0
28.65245,-20.09879,0
-3.7819958,-35.83793,0
-32.19067,-8.869164,0
-56.206528,-22.101982,0
-27.456612,-11.180285,0
-46.34969,-15.910561,0
36.141354,-14.491708,0
31.39167,-13.493708,0
-12.817358,49.95836,0
-27.677542,-12.900805,0
-52.638786,4.4072075,0
52.66289,-6.540093,0
-39.004704,-18.903238,0
-43.94896,40.9952,0
38.093243,-12.8605795,0
16.131819,-2.2199438,0
29.52519,-42.962852,0
-37.648033,31.157906,0
-50.929863,-20.47708,0
22.892921,-19.889143,0
-8.620334,-9.637545,0
-29.087973,36.59342,0
5.5006638,0.1817856,0
-48.187737,20.244884,0
-32.457462,32.559376,0
-44.762,43.27577,0
-76.1777,-8.722806,0
24.15186,-46.544983,0
39.54391,-20.660301,0
-76.63033,-11.200566,0
-14.661128,33.678772,0
-49.128826,-21.551348,0
-17.937979,35.404892,0
-7.0921035,-16.65494,0
-20.197836,42.304886,0
-17.855677,-36.01416,0
50.508896,-6.264006,0
-32.829884,32.32468,0
15.882259,59.29763,0
-26.42433,51.018646,0
-39.24629,46.711018,0
56.1681,18.68247,0
-76.31211,-7.6650066,0
-20.70309,-24.096992,0
-4.4068375,-31.597744,0
38.935707,-23.324049,0
-33.296795,-0.9249341,0
13.111248,-37.939568,0
-42.189274,-16.858171,0
-68.00836,-20.75025,0
-12.317411,-35.14308,0
-12.983994,35.297863,0
-47.02965,36.38597,0
-28.173996,50.486332,0
0.22384408,-1.7539154,0
-40.177994,34.962925,0
-37.60676,49.045063,0
31.286774,-15.349081,0
-27.642738,-9.91792,0
-77.10083,-12.599448,0
30.950457,-19.189264,0
15.639885,9.758394,0
48.67354,-5.6088595,0
-9.257647,-33.461277,0
-34.134846,44.586727,0
-31.334959,7.742927,0
-17.836473,29.468018,0
-53.008953,0.89542645,0
-2.8648407,-25.406189,0
-75.462036,-6.864443,0
30.223536,-2.9603226,0
-34.84473,49.17028,0
-54.760117,-24.50142,0
-18.920797,-42.251007,0
48.361374,-11.899548,0
-22.495226,14.2161665,0
21.399187,-21.374954,0
-20.518341,-27.670778,0
9.315218,-30.097004,0
21.154074,2.5984333,0
-1.2788641,-6.532866,0
-31.517776,1.8378681,0
-31.497662,12.306799,0
-32.173084,1.6376934,0
5.2798214,-18.969204,0
-34.196003,22.10393,0
51.20416,12.804529,0
3.2287512,-32.6008,0
-61.531853,-11.262021,0
-59.626232,-7.462406,0
17.402779,-17.125353,0
-41.530594,16.10503,0
33.558712,-21.489332,0
30.487211,-41.62689,0
-31.895199,-0.7875877,0
-53.52282,3.3246303,0
-44.079967,-1.0447518,0
-9.2026,28.250126,0
-38.219044,17.359991,0
-45.06922,0.32530728,0
-33.037273,40.256332,0
-20.447922,6.132871,0
-7.4214015,-1.4066646,0
-26.732708,39.561184,0
-36.089706,6.01384,0
-18.971218,7.510559,0
-1.1710075,5.9051056,0
32.733013,8.766691,0
-0.041935124,-6.900475,0
50.137623,-11.550968,0
-51.402985,-1.7965212,0
-2.5535636,41.231987,0
-33.851185,26.981983,0
-66.29074,-19.30836,0
-62.381477,-24.296705,0
-3.101828,-33.207886,0
-45.818905,42.02311,0
16.545824,-42.02536,0
0.88210446,-14.100579,0
58.557472,13.367299,0
16.242485,-23.203623,0
40.127472,8.801775,0
-60.15234,-6.0379934,0
-45.60822,9.525368,0
-25.08867,-0.4208647,0
-7.8106546,-18.46016,0
-53.606277,-1.8985173,0
-29.630129,47.457424,0
8.696673,-36.505547,0
-12.43648,-28.777273,0
16.16679,5.9016085,0
-10.041858,14.830055,0
-27.644697,-11.948335,0
36.805237,-12.591919,0
-48.65782,-25.315922,0
-28.652029,13.227253,0
40.05047,-26.716879,0
-27.033312,37.225838,0
-40.331417,47.391567,0
-8.321219,-33.7745,0
9.833337,-10.195932,0
30.90482,-19.739384,0
-25.188091,50.634388,0
-17.56734,-18.247126,0
-19.330692,-27.72421,0
-42.094673,-24.58598,0
-39.116722,46.628136,0
-12.311301,-34.250355,0
-28.556847,-16.479328,0
-7.5761657,7.1441603,0
-24.445272,-40.338448,0
-55.792393,-8.284163,0
-33.78234,21.734432,0
-39.75821,-21.81708,0
38.12296,-13.116398,0
-35.38644,11.3455715,0
-59.865578,-12.473976,0
27.034676,-45.30772,0
-52.12413,3.9535415,0
-45.27968,36.010605,0
-36.276928,33.385544,0
-19.09176,2.7967734,0
-34.35707,-2.0237525,0
-18.270586,-19.366215,0
-17.211262,-8.503428,0
-24.440325,-1.0609225,0
-42.651367,-12.699539,0
-27.476887,13.082769,0
-62.09875,-22.856747,0
7.613508,-40.26432,0
34.57887,10.303567,0
-33.963318,48.92025,0
31.562195,-2.4313197,0
-76.74872,-8.522219,0
12.726411,-24.926369,0
-19.65369,-30.441381,0
33.99678,11.374808,0
-29.521534,5.231788,0
5.218395,-0.5033065,0
-44.743652,8.447074,0
-9.444202,5.8511305,0
-34.27308,-12.26801,0
-58.06652,-26.852484,0
-55.547306,-29.217716,0
33.836315,-0.10433048,0
-38.800568,10.68869,0
12.769788,-3.0753787,0
-44.235493,35.894966,0
-5.057024,-38.787308,0
6.769711,1.0626752,0
45.54711,4.647197,0
-9.869677,48.021137,0
-14.45539,50.058422,0
35.988087,-24.266567,0
-16.815065,36.27312,0
-31.316229,-9.422932,0
38.3004,-13.131308,0
-35.93019,-20.245884,0
-8.131255,-16.989452,0
12.3427725,-18.721075,0
11.693752,-19.54553,0
-4.2771306,-24.105839,0
35.516582,-26.576073,0
-55.194515,-9.37711,0
18.315794,-21.731443,0
50.656017,-7.606948,0
-15.796144,6.435632,0
-43.419605,-0.010793696,0
-31.610554,8.238751,0
-51.15221,-24.868233,0
-37.185413,31.761446,0
26.486761,-45.054245,0
-25.541153,50.83452,0
40.30111,-26.815544,0
-17.110905,7.4334793,0
-16.921518,-21.700912,0
-47.77324,4.3077602,0
-39.65439,35.047276,0
53.78474,-0.18086153,0
-45.749058,43.549496,0
32.79843,-20.372633,0
41.06899,-20.231926,0
-27.25994,-37.857975,0
-30.42253,-0.8477912,0
13.530673,-40.53125,0
-33.249718,26.683992,0
-38.370304,48.295025,0
-75.462036,-6.864443,0
-51.365807,-10.344441,0
-49.61571,7.120835,0
-20.357304,29.61596,0
-53.639328,-22.786623,0
21.55667,-13.664788,0
-26.210993,51.041817,0
13.567279,-40.741074,0
19.279278,2.3265378,0
-5.639869,-16.711203,0
-24.937517,-39.95111,0
-36.32966,32.033295,0
-26.747837,-31.152147,0
3.396761,-30.24781,0
17.658907,-35.62815,0
16.544945,-42.025383,0
11.474189,-9.326673,0
-14.385083,-3.3097632,0
-45.217495,38.906845,0
24.703531,-46.28453,0
-35.140404,34.92315,0
15.793264,-24.796743,0
-35.300312,33.900784,0
-48.19988,8.912819,0
51.14291,9.637224,0
41.718307,6.9814215,0
-27.397526,-25.243782,0
-45.576,-18.051405,0
-29.783934,36.74655,0
-22.96943,-39.732277,0
50.23136,-2.799619,0
-16.575645,-18.20658,0
-20.674591,35.167286,0
51.464397,-10.54546,0
-10.1397705,-6.9526486,0
34.016106,-0.49737424,0
-27.424131,-12.366721,0
-26.463242,-24.94401,0
36.41277,3.0372834,0
-14.602276,-33.028893,0
-24.56634,5.471283,0
0.38281038,-29.404213,0
-17.64204,-22.9419,0
31.536825,-19.00895,0
-19.987598,46.764034,0
-17.86718,6.5768695,0
48.81208,9.324827,0
-36.380062,9.997125,0
-47.096714,9.249042,0
9.8356905,-9.669196,0
-28.77909,-1.9186897,0
20.713846,3.0741765,0
-27.06217,39.558655,0
13.918695,-22.960558,0
-21.57902,-41.93804,0
-21.851503,-9.050461,0
-48.55781,3.3985903,0
-22.645418,-41.70493,0
-10.707262,-6.811656,0
44.325226,-13.935693,0
-21.54025,1.6541713,0
-35.086983,32.340847,0
-8.309302,-29.380255,0
-4.392303,-37.924706,0
-48.02313,-19.999983,0
-28.097605,0.5073301,0
8.421515,-3.0974514,0
36.044594,13.230253,0
-26.733257,0.51263094,0
41.502483,-19.72165,0
14.336123,-38.377003,0
-48.074646,-2.8912108,0
-46.510387,43.113018,0
-20.17543,46.525955,0
18.854506,-42.67282,0
17.414736,-10.05539,0
12.724404,-0.7465702,0
-52.64164,-0.3613095,0
-30.168957,50.082485,0
-12.877251,-21.228392,0
51.462063,-12.92263,0
-77.49841,-12.579691,0
-34.53318,41.82316,0
-3.8471062,44.8784,0
-33.81887,-27.333183,0
-30.805782,-16.922989,0
-48.10598,20.418253,0
6.902715,-40.23818,0
-9.823404,-9.501246,0
32.449337,-0.022311138,0
0.5299432,-28.647366,0
-20.49869,40.301193,0
-21.145157,-34.9318,0
-43.56627,-22.876467,0
-15.782891,7.821565,0
-45.23677,38.79746,0
-25.38781,-1.2140136,0
39.29335,-5.4707737,0
-67.80112,-20.324768,0
-20.549496,-24.573198,0
-14.44167,32.185703,0
-26.6309,2.28818,0
-38.38578,-15.232823,0
-45.3022,-23.184525,0
-0.44337344,-23.520514,0
-10.689548,9.139905,0
-48.252846,18.451735,0
-32.52679,26.123304,0
0.20177329,14.3152485,0
-21.132772,-41.13681,0
-31.158638,-1.4477813,0
-52.193237,-25.980915,0
-12.06644,-34.356506,0
44.062042,-0.74157673,0
-39.990597,-14.137215,0
52.94482,14.324402,0
-36.53832,24.024254,0
-36.5115,-22.716091,0
-37.07013,10.9506645,0
52.099976,0.54773515,0
-3.190775,42.399876,0
-49.32045,21.558556,0
-20.62777,-32.461414,0
-7.9333186,-42.619976,0
-63.816166,-22.56976,0
52.951927,-11.44595,0
-30.958334,-34.748135,0
-27.130026,6.3408055,0
-5.477813,-30.249022,0
32.82349,0.1580155,0
16.323053,5.0122747,0
-6.272237,10.073273,0
-43.754257,-26.181593,0
-25.214535,-33.84055,0
-20.554268,42.895798,0
-76.75711,-8.506412,0
-15.608213,50.2315,0
38.64955,0.64353144,0
-36.292286,42.224213,0
-60.914505,-11.667378,0
-55.12927,-8.64,0
-30.94662,11.927084,0
4.370289,-18.65442,0
-8.53105,2.8312457,0
33.06326,11.310362,0
-6.2523675,10.249153,0
47.3137,-12.887893,0
-3.7704082,-27.697369,0
-29.745317,-40.441746,0
-17.91008,-7.954573,0
24.652113,-23.264442,0
-32.47778,40.63034,0
-5.254918,-29.457737,0
41.66663,3.3960443,0
36.676605,-27.452843,0
-38.316017,-19.902143,0
53.91134,-9.074634,0
-18.32775,-19.152174,0
-7.1338353,-38.493206,0
29.878447,-19.413418,0
-25.36233,-29.894022,0
-26.101603,39.448715,0
-25.829144,38.928394,0
9.320987,-39.12173,0
-33.998074,49.79039,0
-76.63209,-11.2004385,0
-2.5765803,30.56901,0
-16.599087,2.0029943,0
-53.388058,18.212984,0
13.173519,-8.10657,0
39.963535,-21.83706,0
32.84663,-28.281015,0
-4.218445,-28.816238,0
-10.957467,-20.317879,0
28.778997,1.0152131,0
24.3455,0.85824144,0
-24.499987,9.209641,0
-23.350342,37.384228,0
-4.2371235,-32.022766,0
-22.87461,-36.90331,0
-11.872772,73.42247,0
39.10761,1.094396,0
-35.078495,48.281322,0
39.188477,0.68559194,0
33.77888,7.157704,0
-15.837929,4.0994506,0
25.420519,-24.803402,0
-21.004063,38.039955,0
-20.991293,-34.985252,0
-40.64777,8.692438,0
10.433145,4.586791,0
49.13348,-12.5391,0
-20.686668,-30.920197,0
-74.91466,-6.2710147,0
-22.585047,-19.30485,0
-10.749913,-39.373493,0
-23.106768,-19.82299,0
-26.053902,13.530307,0
-6.572554,-39.953064,0
-25.761066,-1.2308809,0
-3.7055063,-36.026608,0
3.7014384,-32.89861,0
-57.7927,-7.8204985,0
-22.394867,-9.454109,0
-14.943181,-11.752118,0
13.228657,-37.40639,0
29.302383,-23.530838,0
-10.420213,-5.992764,0
-30.139608,46.38389,0
-52.64935,-0.22148854,0
-31.334967,7.7429132,0
31.803408,-15.2827425,0
6.1641474,-39.63357,0
-39.23164,41.75894,0
28.803404,3.307333,0
-14.060864,-40.633327,0
-17.871117,46.603508,0
-23.9894,-21.345234,0
49.951958,-15.018824,0
-24.456715,-23.758947,0
-45.48692,-1.021266,0
39.58031,-5.434002,0
-10.296305,-32.87051,0
-50.783913,-3.5520856,0
-1.4229596,-18.507675,0
-25.224508,-19.195465,0
-11.1131315,-4.035368,0
-13.505492,-4.636716,0
53.63474,14.31632,0
54.83412,1.6780771,0
40.441376,-14.327974,0
-6.011467,46.913754,0
42.53766,2.1612728,0
-57.91203,-6.8684225,0
17.24961,-25.350927,0
-35.002396,-18.668701,0
-22.01185,-36.80169,0
-51.739853,38.36594,0
-72.74632,-15.916563,0
18.838688,-11.129154,0
-34.05609,26.121838,0
8.3388405,1.0159531,0
1.7591146,10.193332,0
-12.527711,-32.266422,0
20.9766,-11.971994,0
-2.4658086,-18.51491,0
29.115929,-42.74645,0
-49.60248,37.7121,0
6.698364,-39.71202,0
-25.939001,-19.094692,0
24.077179,-45.88945,0
-23.7623,-23.908491,0
-33.266228,-16.587547,0
-60.257145,-5.991798,0
32.09922,8.920202,0
16.784294,4.861426,0
18.291557,-10.853759,0
50.00988,-14.575786,0
-54.236217,-13.926399,0
42.67795,8.672224,0
-4.29,-26.980259,0
0.030058794,-33.17779,0
-40.60418,-24.3774,0
-36.74264,10.375059,0
-51.43345,-11.174707,0
25.304535,-14.717647,0
9.213147,7.1095004,0
-5.2900443,9.276435,0
1.8060251,-13.310307,0
39.449635,-17.394028,0
-24.714369,0.39363068,0
-17.15672,4.724328,0
51.42602,-12.659691,0
39.96379,-21.837227,0
-16.10457,-20.018042,0
-29.604916,47.780754,0
-51.44394,-23.903688,0
39.9642,-21.837463,0
-31.717062,-2.3145745,0
28.007519,-17.30518,0
31.521643,-15.580161,0
30.048409,-11.246904,0
-6.1341677,-38.16085,0
-9.128622,-6.368695,0
-25.062248,-28.967655,0
-17.990973,8.612712,0
-40.122204,46.88751,0
-16.161192,13.684708,0
-66.11358,-20.572447,0
26.814184,0.46352416,0
16.39711,-25.925266,0
-13.231673,48.230873,0
32.87312,9.836357,0
-8.349066,47.217724,0
-34.328934,24.022324,0
49.335262,-14.481219,0
-40.983276,-25.233774,0
33.411236,-27.947958,0
-44.897842,24.263994,0
-6.508423,-21.52899,0
31.672014,-21.042818,0
-52.16936,-0.5572528,0
8.717968,-2.8221793,0
-14.27735,-36.365932,0
-31.296652,-36.08867,0
-47.447704,-2.7088015,0
-33.861412,31.987432,0
-36.874928,-22.552904,0
-17.211369,34.2266,0
-76.63199,-11.2031355,0
-14.206909,49.717564,0
-70.88051,-16.955118,0
56.089424,0.90587217,0
18.729797,-21.994057,0
-60.511196,-4.574265,0
9.928705,-30.117315,0
-31.517752,-3.716271,0
11.55098,-23.26842,0
-14.224371,-29.813404,0
-56.1908,-20.483862,0
-13.590485,-38.82514,0
49.798737,-13.067556,0
7.151863,-38.95272,0
-20.26714,34.90332,0
-30.116678,-29.068024,0
-29.781393,47.015797,0
48.57004,1.9393911,0
-76.31211,-7.6650066,0
-37.374107,-23.31623,0
-32.218014,39.70051,0
-17.871117,46.603508,0
13.408063,-7.464922,0
-47.914333,21.254843,0
-15.079089,48.471806,0
-25.135944,-30.300762,0
-77.10083,-12.599448,0
-21.058332,-39.171837,0
-38.760735,47.33115,0
48.767044,-0.174491,0
25.381067,-22.803581,0
-36.889214,18.466257,0
40.033375,-5.839927,0
-20.356491,2.8316338,0
18.412243,-25.537216,0
-36.388977,-19.406956,0
-43.03392,44.125553,0
-49.13911,-19.506065,0
-43.106987,-18.043612,0
-13.092348,-27.803953,0
27.84269,2.527821,0
-36.969997,26.217176,0
-52.930058,-8.809573,0
8.680194,-29.320284,0
-52.792194,-8.951875,0
51.845627,11.701502,0
16.270313,-2.3766437,0
-38.20743,42.734203,0
-65.93665,-19.372322,0
-36.985416,19.113394,0
-35.017178,10.693219,0
44.977097,-16.563688,0
-33.2843,31.169716,0
23.856754,-9.109653,0
-52.410812,-8.81028,0
-43.168655,41.015408,0
29.433283,-1.6074401,0
14.001087,-8.469888,0
-45.389812,0.50586,0
-9.36168,12.005179,0
-26.287577,41.794037,0
-3.8495197,-35.010918,0
-12.209117,-31.375778,0
3.174215,-10.440037,0
43.41849,-9.613502,0
-76.14201,-14.016498,0
-14.028784,-11.257201,0
-36.504883,31.405117,0
29.79573,-40.943542,0
1.5284933,13.56026,0
52.125313,-8.166805,0
36.079205,-14.865236,0
-37.499317,48.88023,0
-2.551868,-12.768993,0
-52.96922,0.26912498,0
-22.209713,-23.23384,0
-24.758747,-26.38197,0
-1.9538519,7.936036,0
-6.724764,-39.74657,0
33.26511,-10.565675,0
-60.640163,-4.797288,0
-19.402655,-27.056171,0
24.123476,-12.995214,0
-41.214676,-25.3416,0
-28.563475,-0.6069402,0
-11.218348,13.362577,0
10.347492,3.0042686,0
-38.527706,46.646744,0
2.888103,15.154477,0
-1.4344755,-26.220045,0
-17.829916,-35.724483,0
26.461418,-45.09894,0
29.524788,-42.963776,0
36.085518,12.452734,0
-3.9110425,10.418147,0
-21.30165,-23.568808,0
-49.45414,-25.847624,0
-36.492195,-9.998046,0
-22.983234,36.01102,0
45.63923,11.260893,0
-11.463379,-40.589706,0
-19.746656,3.8637035,0
-19.279013,29.073694,0
-21.510637,-36.89221,0
52.469246,16.726473,0
50.77788,10.258693,0
-16.09481,30.442719,0
-53.350418,2.5709133,0
-44.446323,-25.064,0
-58.002415,-22.501968,0
-31.700663,-15.771461,0
29.769001,-23.256117,0
2.9593158,-13.010349,0
-41.434853,46.64339,0
-6.825825,-33.632164,0
-15.421153,-27.71467,0
-30.76433,9.482736,0
29.692562,-23.183727,0
49.028805,2.2423084,0
37.094227,-14.796532,0
-4.8591056,-21.536419,0
-46.27799,39.24842,0
30.488047,-40.955482,0
-12.210527,-2.9487357,0
-38.562447,42.049797,0
-24.28506,37.580986,0
12.578829,9.650587,0
5.7327204,-11.970816,0
-45.254356,24.280018,0
-29.80139,0.343445,0
-34.235306,26.29761,0
13.798726,-9.916438,0
51.607674,13.244676,0
-21.591042,-35.14636,0
-52.856113,-8.619169,0
-9.030856,-40.344112,0
-59.120388,-7.8213944,0
-11.751809,-41.068985,0
-6.329474,-39.812134,0
-12.429466,49.009083,0
-44.305454,6.927395,0
-58.287746,-7.792438,0
51.507496,12.100247,0
52.474354,-8.316454,0
-34.151203,45.14533,0
-20.959705,27.698353,0
-15.896409,6.4158835,0
-31.81845,-10.83788,0
-32.749115,-38.657734,0
30.608175,-41.092808,0
-64.94223,-21.455248,0
1.4765689,-4.769844,0
-28.77157,-29.251484,0
-49.46609,-18.740488,0
11.261685,-4.100952,0
14.536351,-15.583296,0
-6.963251,-19.828974,0
-45.680977,-17.532768,0
51.614643,-12.191612,0
-47.65771,6.5143027,0
30.201687,-13.546544,0
6.519506,0.46280363,0
-12.874167,7.0271773,0
-15.561167,7.53696,0
-19.918354,-41.853874,0
-32.68524,32.241047,0
-30.839176,-12.489385,0
51.006187,-6.355874,0
7.604631,-36.55022,0
18.252052,-10.903848,0
30.245388,-40.829376,0
-6.88805,-1.84202,0
-37.35566,-1.7263705,0
1.7610347,10.042191,0
-33.03719,40.25813,0
-51.595467,37.891563,0
-3.1511478,-32.284595,0
-3.7090476,-29.053814,0
-12.9994545,-27.979143,0
57.410206,-1.0947199,0
-32.780582,40.41246,0
-39.183704,22.10962,0
-12.222341,13.663455,0
10.830633,-35.847054,0
-43.24273,36.650547,0
8.724409,-36.785473,0
-35.774635,-9.463,0
-6.709011,42.62709,0
-12.005189,-38.632313,0
-20.035124,41.262413,0
-2.8018079,-7.527701,0
-52.723747,-9.731723,0
-20.539085,31.838951,0
-34.44812,28.373125,0
-33.306423,30.52384,0
-41.0727,23.78806,0
-16.67834,31.58751,0
-25.168417,-36.176758,0
-24.025139,-2.3504746,0
-15.444768,13.420211,0
-52.636467,-2.2490122,0
-33.355278,5.8491797,0
-15.201807,39.890305,0
-1.0055302,6.8956265,0
11.270775,30.723083,0
24.28892,0.68609184,0
-22.868546,-9.127554,0
31.988018,-19.896734,0
2.8001902,14.947127,0
-5.154358,46.2579,0
-54.109837,-24.347902,0
-22.656591,9.221371,0
-24.84268,9.328084,0
16.50582,-43.38986,0
-8.734527,28.821756,0
20.342865,-5.7258,0
-23.050032,26.595007,0
29.11657,-42.743896,0
-19.935415,-30.727043,0
-48.735832,3.680025,0
-7.589395,-40.9981,0
-56.58378,-14.702118,0
-23.465229,-30.940321,0
-31.165747,-35.337738,0
-44.79174,7.0604234,0
-3.523287,-4.6824474,0
-24.482685,-1.7920337,0
-0.708087,-31.591236,0
-31.419907,-9.413411,0
7.2275314,-12.657386,0
-19.960508,-18.733889,0
4.029026,2.133977,0
-23.856688,-0.16608725,0
-30.130653,13.12666,0
-49.479008,8.10938,0
44.14131,-0.5284855,0
-4.812557,-16.285524,0
-32.071697,7.9387326,0
-3.4784222,-33.883526,0
-17.298748,45.875378,0
-7.9326677,8.756447,0
1.7079573,-14.371423,0
-52.223785,17.18768,0
-51.16776,37.509796,0
41.740517,-16.164621,0
-53.121117,-10.388768,0
-21.78461,16.248213,0
-21.013447,40.043808,0
9.617099,-36.114,0
-47.82671,37.967617,0
-14.31796,-18.08083,0
-61.17275,-13.81949,0
-42.854885,40.941635,0
4.1618996,-33.264057,0
-23.523777,31.633844,0
-11.665195,-38.603786,0
-17.780167,12.938158,0
-14.415513,1.8015077,0
21.027504,-7.6689935,0
-9.237606,47.923077,0
35.678955,-23.241652,0
-2.2812274,4.716363,0
-30.381779,-39.17895,0
-31.50046,-36.26721,0
-20.749245,-17.404228,0
-45.897545,35.97115,0
25.677126,-23.646038,0
-23.041807,26.567234,0
-40.724144,-19.108456,0
-21.365692,-23.635685,0
-19.673553,-39.84028,0
-32.18591,39.754486,0
-74.9162,-6.2687607,0
11.270988,-1.6717094,0
30.024965,-20.51502,0
-4.225922,-31.704407,0
-51.212612,17.683962,0
25.041166,-13.657384,0
40.154858,-5.469983,0
-34.38092,14.572933,0
34.329872,-2.5638993,0
-52.0661,36.71363,0
38.91019,-4.4552445,0
40.676517,4.618581,0
-23.646055,-32.722843,0
44.600204,9.387581,0
12.185943,-19.536434,0
-11.8776,0.3551057,0
-32.9549,-39.20541,0
-30.519072,-37.328484,0
-23.578693,-30.315056,0
-33.110825,-12.549156,0
24.086031,-46.44909,0
-45.296516,37.38108,0
-42.219223,-23.908752,0
-6.656966,46.55264,0
-17.995255,42.63388,0
-18.651806,1.4019791,0
-1.5919552,-14.563434,0
-32.378166,-27.556023,0
14.460042,-0.33528814,0
-8.350296,3.8852265,0
-31.816805,38.867435,0
-6.4355717,-19.275074,0
-24.353798,-23.099613,0
-34.83173,34.883236,0
-27.204811,-0.27701095,0
-34.74002,31.083918,0
-74.91543,-6.268282,0
19.682285,-44.367687,0
-12.201867,-39.60928,0
-43.361446,37.895912,0
-4.146115,-8.247512,0
-48.096043,-20.442461,0
42.329166,-16.773077,0
-20.755438,-25.945736,0
-7.2993083,-20.362827,0
-47.30831,-18.697514,0
-5.4804726,-19.045692,0
-7.4689164,-16.664192,0
-14.981258,13.814978,0
-32.474545,-9.901546,0
2.7676723,-15.280789,0
-31.472952,8.779013,0
25.971666,2.010448,0
-35.13567,14.371529,0
-31.324043,-36.280037,0
-27.802067,-15.912746,0
-50.193806,-26.04775,0
36.62499,-25.297695,0
8.4720335,-9.040664,0
-41.99952,9.074393,0
11.522795,-35.900547,0
-14.410419,-5.0338573,0
33.980778,11.475377,0
46.70128,-9.92802,0
-49.840855,21.62647,0
-8.712784,-33.576935,0
-22.765541,-20.989313,0
4.9431963,-3.9287167,0
8.624376,-29.485239,0
40.207226,-5.74187,0
-50.794712,36.134197,0
-12.319125,50.259808,0
57.423187,12.019627,0
-3.8979683,9.706268,0
13.337077,-1.4690949,0
-34.830166,28.12833,0
-51.16335,38.14101,0
-35.89702,42.72016,0
-1.0792602,-14.547112,0
16.448854,-42.21207,0
7.7390285,-38.060932,0
-76.17792,-8.723217,0
-2.8402784,-8.284882,0
15.927764,-24.897907,0
-8.845174,0.90917975,0
-42.220905,16.497692,0
5.779591,14.2873955,0
27.362442,-39.489025,0
-76.31211,-7.6650066,0
-21.612137,43.326374,0
45.470627,11.81595,0
-35.582176,10.045217,0
-17.392939,3.8027358,0
-8.84492,0.9540832,0
-45.499817,0.58883625,0
-37.51664,18.740139,0
-21.296839,28.052336,0
9.993066,5.392139,0
-11.079846,-3.8011296,0
-4.752691,4.4290524,0
9.19326,7.3396816,0
-3.5316234,9.904914,0
-20.04183,41.19312,0
-24.412638,-17.638384,0
-5.795135,-19.833807,0
25.207024,-9.189638,0
-31.62662,-38.513634,0
19.212206,-44.317703,0
-53.32294,-10.804274,0
-70.711624,-16.92241,0
39.510487,-5.3483253,0
-7.8782964,2.0527427,0
-35.72815,10.137506,0
-3.2813773,-5.884287,0
-34.08476,49.30152,0
11.367873,4.986001,0
57.092587,0.90365446,0
-68.78839,-20.891035,0
-6.0427055,-31.317984,0
31.38083,-3.0001144,0
-49.216087,19.085438,0
-49.103016,-26.106585,0
-24.47179,-4.032071,0
-33.928524,9.113051,0
-20.052475,-32.553772,0
-48.253933,19.883627,0
2.5632915,-5.950294,0
-0.04684919,-3.9705756,0
-29.530003,-34.409782,0
-39.44995,-19.482807,0
-51.245308,17.642773,0
9.438596,6.1962647,0
22.492434,-18.918762,0
-9.630133,-1.6636362,0
-20.180038,-6.708947,0
-20.367804,2.478262,0
8.373354,-35.664963,0
-58.5151,-11.662324,0
15.4230585,-2.153668,0
-57.314148,-24.445349,0
-12.834711,-23.675121,0
-50.186245,36.747066,0
-37.24479,-0.51725066,0
-7.8081903,-0.1615061,0
36.659557,-5.49051,0
-11.283492,-9.103726,0
62.057793,11.575802,0
-37.245033,42.36713,0
-30.991093,-15.308974,0
-54.041504,-6.161391,0
-55.485912,-28.811012,0
-1.3345057,-24.775414,0
-15.253595,-5.150064,0
-2.9209373,41.07617,0
10.130467,-1.2708201,0
-59.32361,-7.86277,0
-41.895607,34.240562,0
40.846863,-4.9245844,0
-21.25072,-43.091003,0
-51.45647,38.0304,0
-53.219707,-10.199496,0
-23.362505,-8.982238,0
-25.105526,-0.8709391,0
29.191874,3.7873676,0
53.330715,-0.3373352,0
-16.127745,-10.807197,0
-2.5111632,9.608293,0
12.999244,-8.0876,0
-19.32148,30.116512,0
-2.98174,-24.250397,0
5.2132325,-20.878248,0
17.16372,4.2708273,0
8.416711,2.8041055,0
-31.769848,12.146822,0
-13.075131,-9.31508,0
-25.148846,36.510002,0
47.200443,12.672877,0
-3.3311543,-30.955448,0
-43.214584,35.931416,0
-31.278318,11.823562,0
-44.010624,-13.830296,0
-27.036352,12.080602,0
-15.307332,-18.232824,0
-21.166552,-5.778229,0
-9.373543,9.763959,0
31.5103,-16.942905,0
0.563417,-30.434544,0
-41.051075,23.118923,0
12.7737665,-8.1711035,0
-40.151157,7.9822,0
-39.007343,-17.91214,0
-31.751896,-15.930162,0
-7.77697,-38.741234,0
-16.343456,-21.293001,0
-23.083641,-7.658658,0
-52.678486,-10.911882,0
51.151726,6.713688,0
-25.903524,11.747495,0
-45.197018,36.93871,0
24.662928,-46.11804,0
-6.0478034,-30.177197,0
-20.8187,26.918282,0
-3.2896934,-31.292639,0
-47.24177,6.0953145,0
-41.348793,-13.7220745,0
-19.201202,-30.054504,0
-55.345932,-8.399048,0
6.6030736,2.7998126,0
-70.48685,-16.951448,0
28.543385,-11.017561,0
33.57818,8.450364,0
-13.474969,49.503906,0
57.12542,3.6534572,0
24.63615,-46.546993,0
-12.361295,48.277973,0
-35.66454,-23.091305,0
6.237535,-32.76441,0
-50.098858,37.545532,0
-40.349224,-20.45086,0
37.58232,-5.805552,0
56.83557,-1.5811867,0
-20.915424,43.371853,0
40.324493,-21.161858,0
-51.275276,36.07877,0
-25.233791,7.206144,0
33.703346,0.020996787,0
-71.93474,-17.319506,0
0.8728202,-27.677227,0
14.97522,6.5577164,0
-14.6364,33.648247,0
-1.3630072,-2.6102276,0
16.352436,6.0801654,0
16.287706,-23.209455,0
-37.76748,41.575565,0
12.995028,-16.244736,0
40.60108,-20.401218,0
-57.954803,-25.1612,0
10.787465,-10.453583,0
43.559452,-14.214101,0
-23.728249,41.173744,0
-22.28182,39.96269,0
-39.75516,9.079314,0
-26.226046,12.174295,0
-33.270332,0.33496135,0
-8.18939,-0.36476618,0
-5.982576,-17.249947,0
38.140728,-6.329367,0
-24.625685,-24.019175,0
12.88727,-16.092245,0
-22.187658,-19.06958,0
-36.98651,48.385513,0
-12.535996,-32.06424,0
-28.417381,11.94112,0
46.18195,-14.923995,0
44.027508,-2.0179348,0
32.527245,-17.566025,0
10.991728,-10.577244,0
-53.34342,-10.579637,0
0.4628786,-5.080204,0
-21.910429,31.53388,0
-48.878616,23.544418,0
-17.768703,-23.105577,0
-13.101578,29.376831,0
-22.274065,16.346682,0
-76.176346,-8.723188,0
42.35791,-25.950495,0
-40.232292,16.451303,0
-0.52563334,3.7297904,0
-37.96589,19.44797,0
-8.241891,-13.510766,0
-34.920666,-17.460627,0
55.036102,18.317646,0
-33.852604,-1.5258129,0
-51.1744,37.281498,0
-27.341845,5.7244473,0
-23.171507,-30.6987,0
-45.919693,38.911377,0
44.375412,8.677241,0
-17.857077,-8.675032,0
7.6257787,-13.770407,0
-15.3885355,12.628416,0
-61.714962,-6.085611,0
-52.261494,4.1475368,0
1.1653757,-8.069369,0
-9.350667,5.263198,0
-3.9614835,-26.435814,0
28.562977,1.4304379,0
-27.26521,5.255693,0
37.408062,-4.4044833,0
-29.539999,48.56816,0
-10.986949,47.69046,0
37.909847,-26.6621,0
-12.745022,-23.993742,0
-76.63278,-11.199434,0
-30.26997,12.930058,0
55.993908,18.542587,0
11.2192335,-35.04089,0
23.474623,1.0940945,0
-7.6176805,9.153101,0
-12.032402,-39.845387,0
10.141897,-36.43349,0
-49.66492,12.248798,0
19.845316,-22.885584,0
-39.24082,45.875378,0
-11.235351,-39.079765,0
-39.588074,47.529346,0
-18.398485,47.200245,0
-61.694492,-6.0815578,0
-21.065042,38.745632,0
-37.973267,-1.2804853,0
7.782124,-37.64106,0
-45.97207,-16.30891,0
-8.313181,-0.82059515,0
-39.70084,41.011646,0
16.681395,-36.50766,0
-39.897346,-18.83911,0
-62.050568,-23.510214,0
-3.1580293,-7.9774303,0
-34.51473,42.540337,0
-52.03472,-27.390064,0
-31.941914,-28.051792,0
-10.677688,-28.811068,0
-40.10606,-18.480848,0
-58.5093,-25.152098,0
-52.483864,-16.186474,0
-17.169231,-22.246656,0
-12.052456,10.266775,0
-23.298908,-39.6471,0
-23.23234,27.326855,0
12.521241,-29.886316,0
6.550956,-33.377064,0
11.655335,4.7279987,0
41.50251,-19.72167,0
-57.140953,-8.185261,0
0.3638696,-26.765251,0
-37.669815,30.649773,0
26.759586,-45.614975,0
1.5847912,17.914,0
-23.883265,-39.16319,0
-47.261913,13.464904,0
-11.2730465,8.177173,0
-5.5818715,45.284904,0
49.64945,2.899026,0
-22.901928,-9.49388,0
58.31624,6.5516653,0
-11.552011,-1.6490232,0
-37.630295,10.392901,0
21.95727,-22.055092,0
27.99583,-21.767279,0
52.451244,-10.017068,0
-30.138271,13.381082,0
29.263714,-1.8727471,0
-15.144788,-39.763725,0
-54.22079,-25.946684,0
-24.015657,9.884132,0
-24.929922,-39.619614,0
-5.130168,-30.049992,0
42.05644,-27.484694,0
-23.016867,-35.59318,0
-34.40766,41.508625,0
6.119518,0.264769,0
-37.098312,48.348003,0
-9.89628,-27.866486,0
11.284723,9.120358,0
-29.02788,7.4012513,0
-59.017296,-26.487003,0
50.02069,-3.5911798,0
-0.11984708,-18.521101,0
-0.9515399,-32.98272,0
-12.967158,29.065283,0
-56.29409,-19.829035,0
-18.653557,-37.07197,0
-17.037819,6.021692,0
40.785553,-23.516594,0
-16.449638,7.4670963,0
-0.35099208,-26.01145,0
-10.140385,12.361682,0
-38.528248,18.117523,0
58.749416,12.677596,0
-1.9375172,-32.74376,0
-51.66051,19.314962,0
-47.41523,-23.692099,0
-3.5699625,44.850685,0
5.8843923,45.130997,0
-33.32105,-13.059068,0
42.067795,-27.537836,0
4.7321043,-4.1721354,0
-49.761963,4.8816686,0
-7.188658,-23.077219,0
1.5757604,-3.9550557,0
-30.531065,-14.249538,0
-6.870715,-17.694439,0
-51.28655,-11.357326,0
-12.245298,-29.979235,0
-49.56806,7.700241,0
42.233135,-19.101591,0
0.58617413,-25.647757,0
-29.882675,-26.679634,0
12.871927,-15.859323,0
-5.7574162,-20.573862,0
42.605904,-18.784285,0
-29.85785,-28.832804,0
-46.36522,40.24666,0
7.427017,-35.71295,0
-30.082426,-15.908294,0
-2.5577693,-25.717226,0
-18.015678,36.212658,0
17.607395,2.1828408,0
-16.73711,39.69736,0
-2.9390657,-24.949247,0
-8.950468,-24.660915,0
-28.350206,39.36579,0
-62.292248,-24.559143,0
-13.645811,14.127911,0
-8.732258,-6.6470246,0
-33.468803,40.892647,0
-44.028625,8.335406,0
26.727736,-45.610104,0
-22.648811,-7.0954337,0
-40.88615,35.001335,0
43.1528,-0.79958576,0
8.088579,2.943923,0
-14.364799,-11.442053,0
-44.50881,44.054153,0
-8.444566,-24.661825,0
-42.55044,35.52522,0
-23.598099,-19.561272,0
-56.459126,-29.492918,0
52.14331,-0.77867657,0
-13.210603,-27.803112,0
5.3782144,14.114566,0
-10.834144,-21.195114,0
-20.56481,-30.375404,0
19.87912,-12.854124,0
48.873695,1.6306729,0
4.35201,10.982446,0
-36.452717,49.86656,0
-8.706039,6.9515805,0
-22.912289,13.987743,0
-76.13562,-14.013244,0
-14.225288,-16.713734,0
13.949105,-6.6405997,0
-19.817461,-7.417456,0
-77.49841,-12.579691,0
-28.094313,11.365805,0
-4.707886,-20.269997,0
-12.688363,48.433342,0
-14.662595,-18.134085,0
34.474144,8.56071,0
5.213361,-13.436582,0
-19.293526,-19.380836,0
-40.36557,9.321587,0
12.125017,29.355656,0
-2.491047,7.3599315,0
24.077179,-45.88945,0
-15.306624,-33.221466,0
-1.9259903,3.5133538,0
38.30566,-22.339657,0
23.012619,-10.157838,0
40.324238,-21.161766,0
-35.13567,14.371537,0
26.582357,-45.519215,0
21.652658,-14.831395,0
37.51929,-5.5808105,0
24.154123,0.9223637,0
-25.188412,12.50302,0
19.213833,-44.330032,0
-9.277965,-0.23748633,0
22.955553,-20.19768,0
20.900059,2.818491,0
0.5578233,-12.961054,0
-41.01647,17.722008,0
-56.9998,-26.467157,0
-25.433916,-30.29632,0
14.820273,-2.5247686,0
-37.93598,42.742306,0
-28.747963,46.52692,0
-33.714005,29.371279,0
49.529728,5.829928,0
31.471226,-19.921291,0
-24.097021,-42.07707,0
24.629723,-46.557423,0
-14.299314,-9.702778,0
-34.35343,22.250505,0
-19.9146,-7.884485,0
-12.663548,-35.921646,0
-13.9122715,49.959198,0
-0.7622126,5.091136,0
-37.066105,-2.3647819,0
24.633162,-46.553783,0
-35.06429,33.91849,0
-44.256798,36.063465,0
-24.095118,28.024519,0
1.9925258,62.866806,0
-61.011185,-5.7573695,0
-36.751915,45.05921,0
52.31418,3.7010322,0
-5.879983,-38.814445,0
-34.08077,44.766758,0
-9.39119,-26.526129,0
21.535555,-14.980883,0
-45.81304,39.77604,0
24.339966,-45.748062,0
-28.036783,7.644398,0
52.91229,14.396473,0
24.602028,-45.952343,0
-12.406734,-28.063684,0
-19.904202,-29.091969,0
-54.161415,15.875272,0
-48.67605,22.916237,0
38.935497,-23.324015,0
-19.173847,46.26636,0
-60.19705,-13.479403,0
-40.245785,8.8203535,0
-7.6553116,-14.078476,0
-44.835903,-16.460257,0
-53.82297,16.014326,0
-12.29617,49.033756,0
18.8421,-42.672073,0
20.594234,-12.391628,0
40.48667,2.156105,0
-31.003235,13.801718,0
25.937721,-35.79456,0
-17.0714,-14.011788,0
-24.891455,-41.222103,0
46.617596,-13.534769,0
-60.80036,-5.054846,0
52.84519,-0.6146356,0
16.4414,-42.21808,0
-7.6745358,-17.816782,0
-44.130775,23.56525,0
-11.830219,-5.0779953,0
13.769997,-36.36552,0
-7.169511,6.4193454,0
15.008421,-16.851507,0
-24.577278,13.48167,0
-38.290527,-17.392418,0
-27.393934,11.464808,0
26.117859,-10.414547,0
-28.482637,37.31714,0
-32.139496,5.5776815,0
12.015099,-25.148685,0
-11.36315,-3.9347854,0
-19.528442,9.424326,0
55.6864,3.708458,0
-39.703434,17.137737,0
-49.680676,37.473576,0
35.229443,2.68951,0
37.55708,-6.126324,0
29.705423,-41.151142,0
29.521376,-42.96741,0
32.74012,-29.087112,0
-23.132246,-9.703933,0
7.1429834,-39.06431,0
-5.199579,-29.870655,0
-21.958275,-6.836561,0
-27.412628,0.087467685,0
-15.328939,-11.244972,0
-58.157616,-21.525972,0
-1.1666687,7.211573,0
-2.3130352,-33.22817,0
-31.794403,-28.64583,0
-38.61701,21.857437,0
35.926777,-24.207834,0
-52.858925,-10.245472,0
-38.549816,18.987701,0
-11.876524,-31.75462,0
6.139398,-4.0451813,0
-75.83521,-7.880396,0
-22.178936,32.13183,0
40.691143,-13.386304,0
-30.245703,-35.73486,0
-53.03424,-3.5771146,0
30.377806,-25.033789,0
-8.100646,-15.826225,0
-12.581957,-33.607624,0
-44.141758,-22.336061,0
16.448854,-42.21207,0
-48.158314,21.073895,0
11.470042,-22.886675,0
-26.610193,-41.803066,0
-48.842266,19.330877,0
13.735987,0.36373952,0
16.796812,-36.459126,0
-25.393595,12.109074,0
-26.856462,-24.30545,0
-50.793003,3.7890987,0
-25.267603,-39.7141,0
-36.57653,43.25977,0
-41.614094,-14.4755945,0
39.83081,-18.465479,0
-48.026157,20.82143,0
-28.025248,-8.547995,0
-20.919994,39.134747,0
-38.743233,17.784325,0
23.932821,-9.17357,0
-23.653318,-1.8381543,0
-23.456968,27.561285,0
-28.402315,-15.418042,0
11.546587,-8.350741,0
13.948741,-22.351576,0
3.7203524,-30.361141,0
11.417992,-20.632044,0
25.050655,-13.794922,0
18.74153,3.1669352,0
-11.790857,-29.502033,0
-41.380527,-25.005857,0
-33.807465,-18.242588,0
-7.08051,8.327461,0
-52.945007,4.0680304,0
10.527173,-24.92472,0
-8.555247,-15.780049,0
-39.437416,9.070752,0
-33.101166,-0.9119568,0
2.8365488,-3.5077286,0
-35.831455,-20.251661,0
-52.7385,-6.002185,0
-16.527096,-19.851286,0
-60.495262,-5.6861987,0
-31.064903,-11.181149,0
-40.474365,47.21953,0
48.48866,-0.83764297,0
-50.858505,4.699708,0
-31.552984,-39.086468,0
-7.6619396,9.062942,0
53.15627,3.3887756,0
-22.662302,-30.233753,0
-51.664467,36.105713,0
-24.027966,-26.087845,0
-8.443397,-16.044884,0
-45.37628,43.702236,0
-46.62405,6.385448,0
-42.693092,-23.129328,0
-43.488113,-13.781377,0
19.612701,-11.194692,0
-15.467458,31.031324,0
11.4281225,-34.296722,0
4.7774982,13.298193,0
3.8937187,-17.35129,0
19.217428,-44.35236,0
-44.866367,-2.1007802,0
8.162972,-37.371387,0
-5.0287333,4.4437113,0
52.03416,-11.978243,0
-49.088,8.3982315,0
-16.870634,-13.711332,0
29.043344,-22.897928,0
16.563208,-25.538733,0
-10.112237,-9.905948,0
-46.103035,-13.41872,0
-1.2636516,-16.179537,0
-4.402272,-38.0035,0
-2.6179304,-5.695227,0
29.842958,1.8691775,0
-44.009483,-26.008686,0
-57.6484,-24.963755,0
-32.868713,12.119971,0
37.467335,-12.986977,0
-44.326427,44.21555,0
-20.459242,7.1763196,0
-43.665516,37.159157,0
10.831225,-24.729681,0
17.009481,-2.9758506,0
-44.2172,42.380913,0
36.803402,-12.982294,0
4.4241347,-5.0487943,0
26.945482,-11.408709,0
-15.815053,29.011494,0
-55.654724,-23.906467,0
-49.59222,-19.687656,0
34.72484,-11.024713,0
25.423859,-14.227851,0
-60.005165,-7.518789,0
-28.816923,-29.06176,0
-76.6324,-11.200255,0
-52.17217,-25.200062,0
-77.49841,-12.579691,0
42.808773,0.75561506,0
-44.92968,-0.6068058,0
-26.64977,41.49549,0
-23.124172,7.5952144,0
-5.888393,-20.451086,0
-27.637426,-31.942673,0
29.00694,-17.902729,0
-13.864284,-18.31756,0
26.041769,-37.13857,0
-4.357455,45.143394,0
20.716372,-5.41416,0
-8.616251,-0.51506436,0
53.060173,3.0038764,0
-38.194515,33.985046,0
-9.997327,2.0941892,0
16.505749,-36.52763,0
-12.446801,-34.540607,0
-33.44009,-1.8198571,0
-12.045662,-20.54409,0
-28.584564,-32.43514,0
1.73244,-26.543789,0
34.6543,11.629832,0
-4.1704464,-12.91214,0
0.27636072,-5.587864,0
-27.821186,50.58671,0
-43.307175,35.5518,0
-5.04812,-30.187395,0
-25.82067,-36.180313,0
16.287464,-27.28928,0
-19.1454,2.2836728,0
-6.9497976,1.3450361,0
-53.50691,16.4395,0
-52.81907,-7.603635,0
-22.004423,13.028584,0
-60.61132,-12.21192,0
-76.14201,-14.016498,0
-5.684618,46.83236,0
7.3908005,-21.745573,0
-44.502724,24.234627,0
-59.409554,-25.839745,0
-21.875698,44.159554,0
-39.23298,18.363478,0
-45.86877,42.324318,0
-52.838066,-16.194344,0
-10.260804,48.901745,0
-19.83312,-41.459522,0
-46.49981,-19.279629,0
-29.003729,-28.049183,0
15.579665,5.7668185,0
11.890582,-9.134734,0
3.061174,-4.3397484,0
30.48162,-41.626923,0
4.343503,-20.78548,0
-40.184025,8.147777,0
-33.569073,0.004691105,0
-20.22371,-40.2305,0
-17.038403,-22.078756,0
57.1984,0.3423011,0
-11.444955,-31.709734,0
-35.046906,42.968513,0
-23.185461,-18.397362,0
-14.153122,14.53146,0
-30.10164,-39.70136,0
-10.958273,-29.173117,0
-52.902515,16.375898,0
-18.109419,-39.41971,0
-13.008484,-8.310129,0
-16.306152,30.40359,0
-27.105137,49.907753,0
-38.46823,-16.92391,0
19.658232,-44.075947,0
-1.3547266,5.863208,0
28.87026,-23.338484,0
-48.80549,6.0097666,0
-36.959038,33.652527,0
21.945261,-20.230745,0
-18.761522,30.660206,0
29.964087,-26.26736,0
-13.90454,-17.001778,0
28.535564,-1.2867713,0
-53.791264,16.577427,0
27.600554,3.5748928,0
-39.686047,41.09523,0
-31.631216,33.178555,0
-47.9831,-19.963867,0
33.968975,10.2934065,0
26.539478,-13.01431,0
53.213924,1.5503415,0
-77.15922,-11.081455,0
-53.05078,-9.218963,0
53.57056,6.608056,0
-57.778408,-23.573755,0
-53.684113,-1.4260514,0
-28.208263,-36.039383,0
-50.240566,38.014202,0
-12.9625845,-8.30705,0
-50.286503,-27.734064,0
11.866416,-17.100208,0
-43.998264,42.342068,0
27.872839,-3.348318,0
-52.726315,-26.682673,0
-16.585238,36.813652,0
-31.130116,22.023178,0
10.760481,-1.6453227,0
-51.68384,18.354176,0
-34.53772,33.5149,0
7.3834357,-21.842352,0
-77.15881,-11.079737,0
-52.58235,-24.106342,0
-40.564205,22.116777,0
-13.008646,-18.05984,0
4.222683,13.073042,0
-24.674524,27.762459,0
-1.9105005,-22.68369,0
-76.52784,-8.729078,0
-35.462456,49.41086,0
-48.436745,18.993114,0
3.912526,-1.0430678,0
-29.164284,-10.846356,0
-40.223507,40.942806,0
-5.0547905,9.380855,0
-24.316917,-41.272392,0
-27.45692,-12.7772255,0
26.87049,-1.1494195,0
-62.8952,-21.62332,0
-12.07559,-9.027926,0
-26.80766,51.051094,0
41.06892,-20.23174,0
-65.22188,-20.477705,0
11.643492,-3.8584514,0
-29.905252,-39.152092,0
19.585253,-5.99549,0
-40.018417,16.62516,0
12.701419,-8.530438,0
12.0532465,-0.9399901,0
-56.430058,-20.190739,0
-24.633904,28.50812,0
-17.947975,-18.113941,0
-16.240519,6.360933,0
11.562599,-17.816689,0
12.947242,-0.28383446,0
-15.608064,-29.194885,0
25.370056,-36.53277,0
-76.31211,-7.6650066,0
24.330082,-46.64359,0
-76.17681,-8.722963,0
-10.048813,12.848123,0
-27.112535,-1.1760106,0
31.001476,-18.943146,0
-4.7659855,-16.549198,0
-28.72063,39.252327,0
41.24022,-14.788181,0
-52.316113,-26.289803,0
-60.31796,-24.798395,0
-29.70931,-13.2723675,0
-75.78757,-6.655591,0
-42.025265,35.16004,0
38.083595,-0.5136669,0
49.51308,-15.213239,0
-36.340775,30.290808,0
-12.762361,-39.162376,0
8.445797,-29.120903,0
-22.232355,-6.5883164,0
-20.231344,-40.894283,0
-35.522552,24.187395,0
49.07348,2.5590053,0
-49.45783,4.991065,0
29.30299,-24.593012,0
-47.126003,-15.204943,0
-18.927158,35.169003,0
-31.37855,-39.89375,0
-16.32129,-20.230206,0
-20.777761,15.89407,0
-46.867798,13.80963,0
-58.229813,-13.930635,0
-19.105803,-8.177169,0
32.716537,-1.2349874,0
23.96392,-25.103811,0
4.795757,4.4733887,0
-55.290882,-31.33151,0
-45.7627,-17.001476,0
-8.633089,4.530219,0
-33.422565,41.28657,0
-29.511473,49.933674,0
-29.960781,-30.470438,0
19.214775,-44.34735,0
51.25772,7.5302505,0
-44.744537,-1.2881492,0
29.830624,-41.321213,0
-8.06581,-24.334894,0
27.549694,1.1030121,0
-35.637432,-21.065733,0
25.885,-15.223319,0
29.116665,-42.74397,0
-7.4977593,-15.749048,0
18.596062,-42.810402,0
-41.1532,15.80555,0
40.035915,-5.8599463,0
18.397587,-42.98714,0
-8.374046,-14.717007,0
8.572981,-12.176939,0
-42.516277,-1.2794576,0
-76.748116,-8.522702,0
-60.236954,-7.629972,0
-2.0757928,4.3141665,0
-35.344234,10.3876,0
-10.932088,8.31306,0
16.082174,-1.7633559,0
29.59256,-25.188936,0
-21.758657,-31.87937,0
39.12352,-13.68423,0
-21.161564,-32.205643,0
-2.0845487,-22.803202,0
-34.3452,21.67194,0
-18.501858,30.785019,0
-52.40131,-4.3818216,0
13.255292,-40.259598,0
-43.554752,42.009632,0
56.393944,0.9265494,0
-0.90493315,12.496792,0
-19.24828,-34.130703,0
-51.379444,-27.67669,0
-31.191587,5.365775,0
23.776653,-25.021711,0
-39.955868,40.94887,0
36.4816,-27.557407,0
-56.60704,-26.307348,0
-17.417612,38.065975,0
-26.4232,0.014111145,0
-33.800247,33.128414,0
9.279553,5.374023,0
39.283733,-17.211575,0
-21.703362,-23.907125,0
-75.25244,-6.043421,0
-31.713507,38.052185,0
-7.916372,3.900785,0
48.63299,-13.90858,0
-6.1646914,-41.23504,0
-18.283022,38.484955,0
-19.86009,-5.7028832,0
-4.375225,9.137515,0
-21.510645,-31.210539,0
21.2333,-12.038482,0
51.95834,-7.270133,0
-31.79552,-10.326416,0
-45.792927,42.90843,0
-20.46488,-32.12517,0
-10.626102,13.261978,0
29.523155,-42.965942,0
51.05503,-9.760895,0
-20.68498,-18.032446,0
0.5868451,-18.613577,0
-26.174793,-13.159083,0
-19.425535,8.823536,0
-4.7752137,-38.60285,0
32.974228,3.2377536,0
46.93902,1.163825,0
10.888332,-0.886521,0
-43.831516,44.21978,0
3.8764539,-16.928505,0
-77.10083,-12.599448,0
-21.736725,-41.60476,0
-34.374977,23.229324,0
-36.782707,26.013453,0
38.62645,-6.2338085,0
-23.67997,-30.1174,0
-7.291017,-16.986647,0
55.244987,1.2040762,0
-19.29022,8.543455,0
-17.208363,-39.161697,0
-49.303013,-2.06658,0
-50.951275,-2.7796876,0
-19.291882,-5.9116254,0
-3.802552,-5.9484634,0
-9.0813055,-6.366706,0
-21.36923,30.45484,0
29.524633,-42.964104,0
5.958374,0.12583953,0
-14.6091795,-15.535242,0
26.837566,0.46042928,0
46.18004,-8.968743,0
30.144817,-41.520596,0
-15.134346,-27.413795,0
-10.043521,2.2379692,0
39.51244,7.7078853,0
-15.206465,-39.704044,0
-15.358426,-11.729433,0
-25.445847,-4.6467643,0
-31.69398,23.080118,0
-1.6388334,-31.550669,0
-22.192917,15.683391,0
-25.903606,-19.867096,0
-15.281098,-10.482999,0
-21.92571,3.7932,0
0.3055776,-6.6738687,0
-33.486717,-12.7704115,0
-30.37858,-36.051266,0
-59.507767,-21.188068,0
51.806458,16.844097,0
-22.47563,43.35472,0
-39.73937,35.061844,0
6.6712523,0.87984926,0
-77.16245,-11.0824995,0
-11.820398,5.5319967,0
-19.07876,1.8379934,0
37.285973,-6.3915915,0
29.237436,-22.068481,0
6.41029,-32.750637,0
-14.289426,-9.510416,0
10.681184,-27.950308,0
-62.10107,-26.48839,0
58.26516,12.471922,0
45.251865,3.6742697,0
-20.345877,34.252758,0
-27.472355,11.200253,0
24.435753,-9.723587,0
-45.150673,41.285946,0
-37.134212,17.511175,0
-11.62176,-28.861584,0
-52.16036,-25.053345,0
58.245884,12.339754,0
-17.962584,46.15143,0
-39.007084,9.665849,0
-38.596657,21.163292,0
-13.371906,47.55927,0
-28.469034,-28.066647,0
11.280874,-23.862598,0
-40.36616,46.384525,0
-25.993576,37.937157,0
-44.758347,24.232546,0
26.049673,-24.17317,0
40.396225,-5.7254987,0
-41.181232,-21.307354,0
42.11212,-19.179363,0
23.285143,5.0030146,0
-19.153303,-40.172295,0
-8.904746,7.0602016,0
-30.349047,12.886283,0
6.5935426,1.9984094,0
25.596277,-10.865293,0
-23.458136,-37.04528,0
-40.52667,17.079626,0
-1.3362329,-15.79935,0
-53.434685,17.602812,0
-29.747025,-9.13972,0
36.356426,-6.0323696,0
-35.162186,-21.057417,0
13.40058,-0.84692746,0
-21.069136,39.493,0
55.530376,19.913357,0
-18.802715,8.418355,0
40.155594,-22.593462,0
37.555317,-6.9581594,0
-24.11721,-38.58191,0
-5.6271563,-20.12767,0
17.933073,5.054243,0
13.926638,-19.360903,0
23.510588,4.5193305,0
19.482092,-44.52283,0
-28.158278,37.22501,0
-8.254251,45.537144,0
-47.709904,38.945282,0
-40.6554,-18.986921,0
-13.752814,-4.8263707,0
9.933976,-26.678442,0
0.32837504,14.210406,0
-39.768787,21.692728,0
16.266954,-24.78843,0
-23.823805,9.883275,0
11.206752,5.662695,0
-31.615509,-12.774892,0
-18.449722,4.710336,0
26.61958,-35.833923,0
1.8181182,-13.102906,0
14.111293,13.991859,0
29.7434,-2.3407137,0
-34.63309,9.9457655,0
-1.4172696,-29.862078,0
-36.112858,7.812625,0
-27.121294,-13.099246,0
-12.8857975,-9.671181,0
-38.30781,34.082703,0
-2.4878938,-24.2473,0
-21.517212,39.625423,0
13.786696,-1.0447761,0
-21.838385,13.781758,0
15.885682,-36.77773,0
11.409437,-29.754318,0
-5.2506638,45.043457,0
41.133495,-14.879831,0
37.403877,-12.58204,0
26.865866,-35.750134,0
-28.788788,50.508007,0
30.620113,-13.285246,0
-14.444529,14.420081,0
-26.81037,39.24486,0
13.377692,-39.84707,0
-29.413492,50.252296,0
13.639874,-20.884247,0
8.817267,-30.004162,0
-7.683947,-20.890186,0
-22.663439,14.797157,0
-41.478703,8.936542,0
-29.207418,-8.505406,0
28.558891,-20.00645,0
-3.8701146,8.098634,0
15.501613,2.951534,0
57.23202,12.487195,0
-35.551743,42.427734,0
-45.88219,6.02324,0
-23.969162,25.55129,0
-34.071293,-24.690199,0
3.5848367,-3.8456926,0
-22.559559,-30.958982,0
32.45064,-18.683746,0
-17.358473,30.482887,0
8.976848,-36.14688,0
11.554149,-24.737377,0
28.991102,-3.0969725,0
-5.745088,-8.615577,0
-5.0088987,-13.354889,0
-30.126137,12.3204975,0
-31.48722,-38.260353,0
-28.356636,7.334639,0
-6.481367,9.367955,0
-36.84095,-0.56987,0
-11.869408,-10.321192,0
-18.443144,46.18007,0
-61.172604,-24.18067,0
-10.258913,48.904667,0
-2.4818358,-6.7394676,0
-21.640932,-6.7659035,0
-28.60235,7.4908266,0
26.882324,-45.57376,0
44.533607,-16.790602,0
24.666687,2.4712696,0
-11.132646,-6.863439,0
-25.48482,38.411514,0
-38.05463,47.36226,0
-23.637007,7.919516,0
-9.530843,-7.984142,0
27.23495,2.1785083,0
-21.999277,-29.567232,0
48.08578,-5.7244196,0
-28.680403,-15.775664,0
2.765816,-2.8914647,0
-2.119361,3.9884617,0
-18.380383,1.7320358,0
-52.575165,-24.166103,0
-22.322325,26.535872,0
-9.447558,51.241364,0
-29.820208,50.100742,0
31.83858,-21.312428,0
22.013966,-20.808584,0
-76.74212,-8.52653,0
21.458014,-21.554691,0
-47.944035,-3.0968864,0
-39.58393,46.416477,0
23.290037,-15.291286,0
-20.970367,13.336641,0
-49.19136,22.9167,0
22.081827,-23.470642,0
1.8138868,-1.6256065,0
-61.314877,-12.6227,0
21.605003,-20.198502,0
-19.804928,-8.015629,0
-21.183296,-28.416033,0
-48.710793,20.501644,0
-44.595947,41.296566,0
16.448854,-42.21207,0
30.409277,-25.596508,0
36.11589,12.145182,0
23.536879,1.5057139,0
-16.27216,6.891039,0
-25.6341,2.7015824,0
-7.5029845,-14.18304,0
-37.387226,-20.242767,0
-59.562183,-23.63042,0
27.622843,-3.6191225,0
-34.10126,-24.666193,0
-14.675072,-35.99963,0
-56.894558,-26.953611,0
-8.715876,-40.55184,0
36.34846,-6.710413,0
-28.305668,-38.92317,0
-76.74212,-8.52653,0
3.8303683,-3.2156384,0
-28.482616,37.317154,0
56.96017,4.17961,0
-34.77811,42.110493,0
24.347439,3.6215732,0
2.8393033,-16.107351,0
-24.06454,-31.686722,0
24.956522,1.0218871,0
-27.432426,11.443954,0
4.774245,-13.687865,0
38.61982,-16.070908,0
-34.617157,31.666494,0
-19.809425,-8.913269,0
-14.640966,2.1539655,0
12.272481,-41.371887,0
29.23145,2.307063,0
-33.385185,48.74249,0
9.878378,-23.613777,0
-35.908394,44.04435,0
51.45193,11.603364,0
-9.689841,4.4810123,0
-37.62469,43.04061,0
-27.823868,-28.826654,0
28.845543,-24.78951,0
-15.633511,-33.45655,0
10.987859,-25.216068,0
-51.591114,39.071186,0
-44.601017,40.967495,0
-15.093489,49.946587,0
-55.31382,-28.1316,0
29.543434,-42.942574,0
46.34731,-2.7231846,0
-58.81951,-21.670507,0
-58.90142,-21.472605,0
-4.5092697,-13.163047,0
-36.829876,48.188103,0
-30.201298,46.3286,0
-15.33393,45.4472,0
27.771925,-21.771486,0
49.538933,-9.814475,0
-7.732296,-18.439676,0
-25.503864,-17.342676,0
-32.986794,-0.82447815,0
-53.028816,3.515471,0
-24.71516,43.403435,0
-15.980242,-17.365063,0
-17.450447,-0.825806,0
-11.251473,9.685472,0
-40.13478,3.7874563,0
-2.6293228,8.943424,0
43.115234,1.3107432,0
13.755045,-23.4046,0
-46.228157,8.195004,0
0.17356488,-2.2227716,0
-75.30913,-6.0680094,0
23.516087,-21.608137,0
-12.423181,-32.94858,0
-2.681112,-7.320466,0
-37.129177,5.77403,0
-21.061852,46.89876,0
7.660452,-16.728148,0
6.3725524,-21.550243,0
-48.04582,8.475766,0
-30.358942,-15.055513,0
-77.49841,-12.579691,0
-42.198856,-19.24225,0
-75.78757,-6.655591,0
-25.350046,-17.328655,0
47.805832,0.7886254,0
8.695025,-31.025665,0
-21.374054,39.430817,0
-11.839389,10.531794,0
9.738416,4.718782,0
38.241688,-5.595589,0
32.294144,1.809201,0
-14.821402,2.9479766,0
-13.670565,-9.149145,0
-8.525747,-7.5702147,0
-29.628233,-14.526759,0
42.606113,-18.784582,0
-51.35284,38.43727,0
-49.73391,20.907736,0
45.61441,11.946035,0
15.908185,-26.611946,0
52.084713,-1.5040203,0
-45.157497,43.906727,0
-18.866068,-20.057339,0
26.210361,-24.35922,0
-1.2386681,-17.651703,0
6.736017,-35.476078,0
12.013125,-24.363504,0
-62.77311,-21.531755,0
59.500706,14.594247,0
6.246756,-14.349773,0
-61.082447,-12.126439,0
-33.781746,27.355844,0
-34.967342,11.037782,0
-17.263258,38.23737,0
-52.593243,-8.96453,0
34.939877,-24.277763,0
-77.49841,-12.579691,0
-35.608757,-9.338558,0
52.202404,-12.825819,0
-22.291897,39.249924,0
-14.888293,-27.510813,0
-26.762047,-1.9568093,0
-21.212715,15.412293,0
42.436077,-16.500385,0
-2.9421694,-32.67707,0
4.941034,0.05338477,0
-27.215273,-9.492886,0
-31.913136,7.9341426,0
-52.468224,3.0098708,0
16.807632,-1.5913694,0
16.813229,-25.380081,0
24.234428,-2.0392666,0
-44.4849,24.349537,0
6.907886,-40.060944,0
31.52819,3.0108924,0
-54.72244,-30.985802,0
42.1128,-19.180492,0
-51.6744,-16.736279,0
-42.632656,44.46605,0
-10.173592,-1.1619983,0
-53.572556,-28.09631,0
51.498737,10.066347,0